dataset,k,collection,TF,matrix_id,enrich_z,p,fdr
human_nontata_promoters,6,vertebrates,SP1,MA0079.5,7.595,1.54e-14,1.35e-11
human_nontata_promoters,6,vertebrates,SP2,MA0516.3,7.24,2.24e-13,8.48e-11
human_nontata_promoters,6,vertebrates,SP4,MA0685.2,7.171,3.71e-13,8.48e-11
human_nontata_promoters,6,vertebrates,KLF7,MA1959.2,7.145,4.51e-13,8.48e-11
human_nontata_promoters,6,vertebrates,KLF12,MA0742.2,7.135,4.84e-13,8.48e-11
human_nontata_promoters,6,vertebrates,KLF10,MA1511.2,7.091,6.65e-13,9.71e-11
human_nontata_promoters,6,vertebrates,KLF15,MA1513.2,6.971,1.58e-12,1.74e-10
human_nontata_promoters,6,vertebrates,ZBED4,MA2328.1,6.97,1.59e-12,1.74e-10
human_nontata_promoters,6,vertebrates,PATZ1,MA1961.2,6.904,2.52e-12,2.3e-10
human_nontata_promoters,6,vertebrates,KLF14,MA0740.2,6.899,2.62e-12,2.3e-10
human_nontata_promoters,6,vertebrates,KLF1,MA0493.3,6.739,8e-12,6.37e-10
human_nontata_promoters,6,vertebrates,ZNF281,MA1630.3,6.679,1.2e-11,8.76e-10
human_nontata_promoters,6,vertebrates,ZNF148,MA1653.2,6.412,7.19e-11,4.85e-09
human_nontata_promoters,6,vertebrates,KLF4,MA0039.5,6.367,9.62e-11,6.02e-09
human_nontata_promoters,6,vertebrates,EGR3,MA0732.2,6.342,1.13e-10,6.62e-09
human_nontata_promoters,6,vertebrates,KLF2,MA1515.2,6.14,4.13e-10,2.26e-08
human_nontata_promoters,6,vertebrates,ZNF549,MA1728.2,6.071,6.36e-10,3.28e-08
human_nontata_promoters,6,vertebrates,EGR1,MA0162.5,5.965,1.22e-09,5.94e-08
human_nontata_promoters,6,vertebrates,SP9,MA1564.2,5.955,1.3e-09,5.94e-08
human_nontata_promoters,6,vertebrates,EGR4,MA0733.2,5.948,1.36e-09,5.94e-08
human_nontata_promoters,6,vertebrates,E2F8,MA0865.3,5.912,1.69e-09,6.72e-08
human_nontata_promoters,6,vertebrates,VEZF1,MA1578.2,5.912,1.69e-09,6.72e-08
human_nontata_promoters,6,vertebrates,SP5,MA1965.2,5.868,2.21e-09,8.42e-08
human_nontata_promoters,6,vertebrates,KLF16,MA0741.1,5.84,2.6e-09,9.5e-08
human_nontata_promoters,6,vertebrates,SP3,MA0746.3,5.833,2.72e-09,9.54e-08
human_nontata_promoters,6,vertebrates,ZNF610,MA1713.2,5.78,3.74e-09,1.26e-07
human_nontata_promoters,6,vertebrates,ZBTB14,MA1650.2,5.769,3.99e-09,1.3e-07
human_nontata_promoters,6,vertebrates,KLF6,MA1517.2,5.63,8.99e-09,2.81e-07
human_nontata_promoters,6,vertebrates,KLF5,MA0599.1,5.623,9.38e-09,2.83e-07
human_nontata_promoters,6,vertebrates,SP8,MA0747.2,5.594,1.11e-08,3.25e-07
human_nontata_promoters,6,vertebrates,EGR2,MA0472.2,5.525,1.64e-08,4.65e-07
human_nontata_promoters,6,vertebrates,ZNF740,MA0753.3,5.499,1.9e-08,5.17e-07
human_nontata_promoters,6,vertebrates,Wt1,MA1627.2,5.496,1.95e-08,5.17e-07
human_nontata_promoters,6,vertebrates,MAZ,MA1522.2,5.401,3.32e-08,8.34e-07
human_nontata_promoters,6,vertebrates,ZNF263,MA0528.3,5.4,3.33e-08,8.34e-07
human_nontata_promoters,6,vertebrates,KLF11,MA1512.2,5.37,3.93e-08,9.56e-07
human_nontata_promoters,6,vertebrates,Gli2,MA0734.4,5.268,6.89e-08,1.63e-06
human_nontata_promoters,6,vertebrates,Zfp961,MA2126.1,5.228,8.57e-08,1.98e-06
human_nontata_promoters,6,vertebrates,YY2,MA0748.3,5.195,1.03e-07,2.3e-06
human_nontata_promoters,6,vertebrates,E2F6,MA0471.3,4.938,3.94e-07,8.62e-06
human_nontata_promoters,6,vertebrates,ZNF213,MA2121.1,4.86,5.86e-07,1.25e-05
human_nontata_promoters,6,vertebrates,ZNF460,MA1596.1,4.779,8.81e-07,1.84e-05
human_nontata_promoters,6,vertebrates,KLF3,MA1516.2,4.751,1.01e-06,2.06e-05
human_nontata_promoters,6,vertebrates,PLAGL2,MA1548.2,4.655,1.62e-06,3.22e-05
human_nontata_promoters,6,vertebrates,CTCF,MA0139.2,4.646,1.69e-06,3.29e-05
human_nontata_promoters,6,vertebrates,ZNF93,MA1721.2,4.634,1.79e-06,3.38e-05
human_nontata_promoters,6,vertebrates,E2F7,MA0758.1,4.632,1.81e-06,3.38e-05
human_nontata_promoters,6,vertebrates,ZIC4,MA0751.2,4.627,1.86e-06,3.39e-05
human_nontata_promoters,6,vertebrates,E2F1,MA0024.3,4.559,2.57e-06,4.59e-05
human_nontata_promoters,6,vertebrates,TFDP1,MA1122.2,4.426,4.8e-06,8.41e-05
human_nontata_promoters,6,vertebrates,KLF9,MA1107.3,4.414,5.07e-06,8.71e-05
human_nontata_promoters,6,vertebrates,ZNF692,MA1986.2,4.361,6.46e-06,0.000109
human_nontata_promoters,6,vertebrates,CTCF,MA1930.2,4.35,6.79e-06,0.000112
human_nontata_promoters,6,vertebrates,PRDM9,MA1723.2,4.269,9.83e-06,0.000159
human_nontata_promoters,6,vertebrates,ZIC5,MA1584.2,4.26,1.02e-05,0.000163
human_nontata_promoters,6,vertebrates,ZIC1,MA0696.1,4.237,1.13e-05,0.000177
human_nontata_promoters,6,vertebrates,FEZF2,MA2341.1,4.213,1.26e-05,0.000193
human_nontata_promoters,6,vertebrates,Plagl1,MA1615.2,4.21,1.28e-05,0.000193
human_nontata_promoters,6,vertebrates,RUNX2,MA0511.2,4.178,1.47e-05,0.000219
human_nontata_promoters,6,vertebrates,ZNF449,MA1656.2,4.12,1.89e-05,0.000272
human_nontata_promoters,6,vertebrates,CTCFL,MA1102.3,4.12,1.89e-05,0.000272
human_nontata_promoters,6,vertebrates,Gli1,MA1990.2,4.033,2.76e-05,0.00039
human_nontata_promoters,6,vertebrates,TFAP2C,MA0815.1,4.003,3.13e-05,0.000435
human_nontata_promoters,6,vertebrates,ZNF417,MA1727.2,3.929,4.27e-05,0.000584
human_nontata_promoters,6,vertebrates,KLF17,MA1514.2,3.925,4.34e-05,0.000584
human_nontata_promoters,6,vertebrates,Nrf1,MA0506.3,3.906,4.7e-05,0.000624
human_nontata_promoters,6,vertebrates,TFAP2A,MA0872.1,3.899,4.84e-05,0.000633
human_nontata_promoters,6,vertebrates,ZNF770,MA2099.1,3.892,4.96e-05,0.000639
human_nontata_promoters,6,vertebrates,ZFP57,MA1583.2,3.754,8.7e-05,0.0011
human_nontata_promoters,6,vertebrates,Olig2,MA1997.2,3.739,9.25e-05,0.00113
human_nontata_promoters,6,vertebrates,TFAP2A,MA0810.2,3.738,9.26e-05,0.00113
human_nontata_promoters,6,vertebrates,GLIS1,MA0735.2,3.737,9.3e-05,0.00113
human_nontata_promoters,6,vertebrates,ZNF684,MA1600.2,3.707,0.000105,0.00126
human_nontata_promoters,6,vertebrates,GCM1,MA0646.2,3.69,0.000112,0.00133
human_nontata_promoters,6,vertebrates,HINFP,MA0131.3,3.619,0.000148,0.00173
human_nontata_promoters,6,vertebrates,TFAP2B,MA0813.1,3.607,0.000155,0.00179
human_nontata_promoters,6,vertebrates,Neurod2,MA1993.2,3.601,0.000158,0.00179
human_nontata_promoters,6,vertebrates,GCM2,MA0767.2,3.6,0.000159,0.00179
human_nontata_promoters,6,vertebrates,Twist2,MA0633.3,3.57,0.000178,0.00198
human_nontata_promoters,6,vertebrates,BHLHE22,MA1635.2,3.538,0.000201,0.0022
human_nontata_promoters,6,vertebrates,Zic1::Zic2,MA1628.2,3.48,0.000251,0.00271
human_nontata_promoters,6,vertebrates,ZNF701,MA1987.2,3.449,0.000281,0.003
human_nontata_promoters,6,vertebrates,TFAP2E,MA1569.2,3.393,0.000345,0.00364
human_nontata_promoters,6,vertebrates,E2F4,MA0470.3,3.385,0.000356,0.00371
human_nontata_promoters,6,vertebrates,NFIX,MA1528.2,3.378,0.000365,0.00376
human_nontata_promoters,6,vertebrates,ELK3,MA0759.3,3.373,0.000371,0.00378
human_nontata_promoters,6,vertebrates,Zfx,MA0146.3,3.35,0.000404,0.00406
human_nontata_promoters,6,vertebrates,ZNF574,MA1982.2,3.326,0.000441,0.00439
human_nontata_promoters,6,vertebrates,ELF2,MA1483.3,3.319,0.000451,0.00444
human_nontata_promoters,6,vertebrates,NR2C1,MA1535.2,3.29,0.0005,0.00487
human_nontata_promoters,6,vertebrates,ZBTB7B,MA0694.2,3.248,0.000581,0.0056
human_nontata_promoters,6,vertebrates,THAP1,MA0597.3,3.239,0.000599,0.0057
human_nontata_promoters,6,vertebrates,HIC2,MA0738.2,3.202,0.000682,0.00642
human_nontata_promoters,6,vertebrates,NFATC3,MA0625.3,3.179,0.000738,0.00688
human_nontata_promoters,6,vertebrates,RREB1,MA0073.2,3.156,0.0008,0.00738
human_nontata_promoters,6,vertebrates,TFAP2B,MA0811.2,3.147,0.000826,0.00754
human_nontata_promoters,6,vertebrates,NFIX,MA0671.2,3.125,0.000889,0.00803
human_nontata_promoters,6,vertebrates,ETV4,MA0764.4,3.116,0.000917,0.0082
human_nontata_promoters,6,vertebrates,ZNF669,MA1985.1,3.085,0.00102,0.00897
human_nontata_promoters,6,vertebrates,Zfp809,MA2125.1,3.083,0.00102,0.00897
human_nontata_promoters,6,vertebrates,TFAP2C,MA0814.3,3.06,0.00111,0.00961
human_nontata_promoters,6,vertebrates,ASCL1,MA1631.2,3.016,0.00128,0.011
human_nontata_promoters,6,vertebrates,TFAP2C,MA0524.3,3.006,0.00132,0.0113
human_nontata_promoters,6,vertebrates,E2F2,MA0864.3,2.99,0.00139,0.0117
human_nontata_promoters,6,vertebrates,ZNF140,MA1589.2,2.958,0.00155,0.0129
human_nontata_promoters,6,vertebrates,ZNF343,MA1711.2,2.953,0.00157,0.013
human_nontata_promoters,6,vertebrates,ZNF454,MA1712.2,2.921,0.00174,0.0143
human_nontata_promoters,6,vertebrates,TCF4,MA0830.3,2.871,0.00204,0.0165
human_nontata_promoters,6,vertebrates,HES7,MA0822.1,2.871,0.00205,0.0165
human_nontata_promoters,6,vertebrates,ZNF257,MA1710.2,2.853,0.00217,0.0173
human_nontata_promoters,6,vertebrates,Zic3,MA0697.3,2.845,0.00222,0.0176
human_nontata_promoters,6,vertebrates,NR2C2,MA0504.2,2.822,0.00239,0.0187
human_nontata_promoters,6,vertebrates,TFAP2B,MA0812.2,2.789,0.00264,0.0205
human_nontata_promoters,6,vertebrates,HEY1,MA0823.1,2.704,0.00342,0.0263
human_nontata_promoters,6,vertebrates,TBX15,MA0803.1,2.694,0.00353,0.0269
human_nontata_promoters,6,vertebrates,ELF4,MA0641.1,2.594,0.00474,0.0358
human_nontata_promoters,6,vertebrates,GLIS2,MA0736.1,2.558,0.00526,0.0394
human_nontata_promoters,6,vertebrates,INSM1,MA0155.1,2.546,0.00545,0.0405
human_nontata_promoters,6,vertebrates,ZNF682,MA1599.2,2.523,0.00582,0.0425
human_nontata_promoters,6,vertebrates,MGA,MA0801.1,2.523,0.00582,0.0425
human_nontata_promoters,6,vertebrates,ZSCAN31,MA1722.2,2.514,0.00597,0.0432
human_nontata_promoters,6,vertebrates,ZBTB33,MA0527.2,2.498,0.00625,0.0449
human_nontata_promoters,6,vertebrates,TBX5,MA0807.1,2.488,0.00643,0.0458
human_nontata_promoters,6,vertebrates,HES5,MA0821.2,2.47,0.00676,0.0478
human_nontata_promoters,6,vertebrates,ERF::NHLH1,MA1938.2,2.462,0.0069,0.0484
human_enhancers_cohn,5,vertebrates,ZNF157,MA2331.1,5.778,3.77e-09,3.31e-06
human_enhancers_cohn,5,vertebrates,ZFP42,MA1651.2,4.524,3.04e-06,0.00133
human_enhancers_cohn,5,vertebrates,ZNF354A,MA1978.2,4.397,5.49e-06,0.00161
human_enhancers_cohn,5,vertebrates,SRF,MA0083.3,4.294,8.76e-06,0.00193
human_enhancers_cohn,5,vertebrates,ZSCAN31,MA1722.2,4.139,1.75e-05,0.00307
human_enhancers_cohn,5,vertebrates,RORC,MA1151.2,3.629,0.000142,0.0208
human_enhancers_cohn,5,vertebrates,ZNF416,MA1979.2,3.423,0.00031,0.0356
human_enhancers_cohn,5,vertebrates,CDX2,MA0465.3,3.41,0.000324,0.0356
human_enhancers_cohn,5,vertebrates,ZNF8,MA1718.1,3.327,0.000439,0.0391
human_enhancers_cohn,5,vertebrates,ETV2::HOXB13,MA1943.2,3.323,0.000445,0.0391
human_enhancers_cohn,5,vertebrates,FOXO6,MA0849.1,3.26,0.000557,0.0445
human_enhancers_ensembl,6,vertebrates,PBX2,MA1113.3,6.276,1.74e-10,4.99e-08
human_enhancers_ensembl,6,vertebrates,MEIS2,MA1640.2,6.266,1.85e-10,4.99e-08
human_enhancers_ensembl,6,vertebrates,FOXC1,MA0032.2,6.245,2.12e-10,4.99e-08
human_enhancers_ensembl,6,vertebrates,MEIS1,MA1639.2,6.234,2.28e-10,4.99e-08
human_enhancers_ensembl,6,vertebrates,ZNF384,MA1125.2,6.097,5.41e-10,9.48e-08
human_enhancers_ensembl,6,vertebrates,FOXD3,MA0041.3,6.0,9.86e-10,1.44e-07
human_enhancers_ensembl,6,vertebrates,Nfat5,MA0606.3,5.971,1.18e-09,1.47e-07
human_enhancers_ensembl,6,vertebrates,FOXB1,MA0845.1,5.746,4.56e-09,4.99e-07
human_enhancers_ensembl,6,vertebrates,FOXC2,MA0846.2,5.711,5.62e-09,5.47e-07
human_enhancers_ensembl,6,vertebrates,FOSL2::JUND,MA1144.2,5.561,1.34e-08,1.17e-06
human_enhancers_ensembl,6,vertebrates,FOSL2::JUNB,MA1138.2,5.524,1.66e-08,1.32e-06
human_enhancers_ensembl,6,vertebrates,FOXE1,MA1487.3,5.441,2.65e-08,1.94e-06
human_enhancers_ensembl,6,vertebrates,Hmga1,MA2124.1,5.422,2.95e-08,1.99e-06
human_enhancers_ensembl,6,vertebrates,Elf5,MA0136.4,5.393,3.46e-08,2.16e-06
human_enhancers_ensembl,6,vertebrates,PHOX2B,MA0681.3,5.375,3.83e-08,2.23e-06
human_enhancers_ensembl,6,vertebrates,FOSL2::JUN,MA1130.2,5.358,4.21e-08,2.27e-06
human_enhancers_ensembl,6,vertebrates,HOXB3,MA0903.2,5.35,4.41e-08,2.27e-06
human_enhancers_ensembl,6,vertebrates,ZNF680,MA1729.2,5.337,4.73e-08,2.28e-06
human_enhancers_ensembl,6,vertebrates,ZNF24,MA1124.1,5.328,4.95e-08,2.28e-06
human_enhancers_ensembl,6,vertebrates,ZNF766,MA2098.1,5.314,5.36e-08,2.35e-06
human_enhancers_ensembl,6,vertebrates,FOSB::JUNB,MA1135.2,5.252,7.52e-08,3.14e-06
human_enhancers_ensembl,6,vertebrates,TBP,MA0108.3,5.224,8.73e-08,3.48e-06
human_enhancers_ensembl,6,vertebrates,FOS::JUN,MA0099.4,5.165,1.2e-07,4.58e-06
human_enhancers_ensembl,6,vertebrates,POU4F1,MA0790.2,5.136,1.4e-07,5.11e-06
human_enhancers_ensembl,6,vertebrates,ZNF35,MA2333.1,5.061,2.08e-07,6.94e-06
human_enhancers_ensembl,6,vertebrates,MEF2A,MA0052.5,5.056,2.14e-07,6.94e-06
human_enhancers_ensembl,6,vertebrates,LMX1B,MA0703.3,5.046,2.26e-07,6.94e-06
human_enhancers_ensembl,6,vertebrates,POU4F3,MA0791.2,5.045,2.26e-07,6.94e-06
human_enhancers_ensembl,6,vertebrates,FOS::JUNB,MA1134.2,5.038,2.35e-07,6.94e-06
human_enhancers_ensembl,6,vertebrates,mix-a,MA0621.2,5.036,2.38e-07,6.94e-06
human_enhancers_ensembl,6,vertebrates,ZNF675,MA1714.2,4.984,3.11e-07,8.78e-06
human_enhancers_ensembl,6,vertebrates,FOS,MA0476.2,4.926,4.2e-07,1.15e-05
human_enhancers_ensembl,6,vertebrates,Lhx3,MA0135.2,4.899,4.82e-07,1.28e-05
human_enhancers_ensembl,6,vertebrates,POU4F2,MA0683.2,4.872,5.53e-07,1.42e-05
human_enhancers_ensembl,6,vertebrates,ZNF274,MA1592.2,4.86,5.87e-07,1.47e-05
human_enhancers_ensembl,6,vertebrates,JUNB,MA0490.3,4.852,6.12e-07,1.49e-05
human_enhancers_ensembl,6,vertebrates,FOXP2,MA0593.2,4.781,8.72e-07,2.04e-05
human_enhancers_ensembl,6,vertebrates,Foxl2,MA1607.2,4.778,8.84e-07,2.04e-05
human_enhancers_ensembl,6,vertebrates,ONECUT1,MA0679.3,4.773,9.07e-07,2.04e-05
human_enhancers_ensembl,6,vertebrates,EWSR1-FLI1,MA0149.1,4.743,1.05e-06,2.31e-05
human_enhancers_ensembl,6,vertebrates,Pax7,MA0680.3,4.735,1.1e-06,2.34e-05
human_enhancers_ensembl,6,vertebrates,STAT1::STAT2,MA0517.2,4.714,1.21e-06,2.53e-05
human_enhancers_ensembl,6,vertebrates,FOS::JUND,MA1141.2,4.679,1.44e-06,2.91e-05
human_enhancers_ensembl,6,vertebrates,FOXO1::ELK1,MA1954.2,4.676,1.46e-06,2.91e-05
human_enhancers_ensembl,6,vertebrates,FOSL1,MA0477.3,4.67,1.51e-06,2.94e-05
human_enhancers_ensembl,6,vertebrates,FOXG1,MA0613.1,4.652,1.64e-06,3.08e-05
human_enhancers_ensembl,6,vertebrates,Nr2e1,MA0676.1,4.651,1.65e-06,3.08e-05
human_enhancers_ensembl,6,vertebrates,NFATC4,MA1525.3,4.635,1.79e-06,3.26e-05
human_enhancers_ensembl,6,vertebrates,JUND,MA0491.3,4.603,2.08e-06,3.72e-05
human_enhancers_ensembl,6,vertebrates,RAX,MA0718.2,4.586,2.26e-06,3.97e-05
human_enhancers_ensembl,6,vertebrates,NFKB2,MA0778.2,4.573,2.41e-06,4.14e-05
human_enhancers_ensembl,6,vertebrates,FLI1::DRGX,MA1949.2,4.563,2.52e-06,4.24e-05
human_enhancers_ensembl,6,vertebrates,FOXK1,MA0852.3,4.535,2.88e-06,4.76e-05
human_enhancers_ensembl,6,vertebrates,BACH1,MA1633.2,4.526,3e-06,4.87e-05
human_enhancers_ensembl,6,vertebrates,ETV2::DRGX,MA1940.2,4.486,3.63e-06,5.78e-05
human_enhancers_ensembl,6,vertebrates,Arid3b,MA0601.2,4.449,4.32e-06,6.7e-05
human_enhancers_ensembl,6,vertebrates,ZNF75A,MA2097.1,4.447,4.36e-06,6.7e-05
human_enhancers_ensembl,6,vertebrates,LMX1A,MA0702.3,4.442,4.46e-06,6.74e-05
human_enhancers_ensembl,6,vertebrates,PRDM1,MA0508.4,4.434,4.63e-06,6.78e-05
human_enhancers_ensembl,6,vertebrates,ETV2::HOXB13,MA1943.2,4.433,4.64e-06,6.78e-05
human_enhancers_ensembl,6,vertebrates,HNF1B,MA0153.2,4.425,4.83e-06,6.93e-05
human_enhancers_ensembl,6,vertebrates,Jun,MA0489.3,4.416,5.02e-06,7.09e-05
human_enhancers_ensembl,6,vertebrates,FOSL1::JUN,MA1128.2,4.404,5.33e-06,7.4e-05
human_enhancers_ensembl,6,vertebrates,Foxo3,MA0157.4,4.4,5.41e-06,7.4e-05
human_enhancers_ensembl,6,vertebrates,HNF1A,MA0046.3,4.392,5.62e-06,7.57e-05
human_enhancers_ensembl,6,vertebrates,ETV5::DRGX,MA1944.2,4.385,5.81e-06,7.71e-05
human_enhancers_ensembl,6,vertebrates,CDX2,MA0465.3,4.375,6.07e-06,7.94e-05
human_enhancers_ensembl,6,vertebrates,Hoxd13,MA0909.4,4.362,6.44e-06,8.29e-05
human_enhancers_ensembl,6,vertebrates,ETV6,MA0645.2,4.346,6.93e-06,8.8e-05
human_enhancers_ensembl,6,vertebrates,ALX3,MA0634.2,4.342,7.05e-06,8.82e-05
human_enhancers_ensembl,6,vertebrates,FOSL1::JUNB,MA1137.2,4.332,7.4e-06,9.13e-05
human_enhancers_ensembl,6,vertebrates,HMBOX1,MA0895.2,4.286,9.1e-06,0.000111
human_enhancers_ensembl,6,vertebrates,JDP2,MA0655.1,4.262,1.01e-05,0.000122
human_enhancers_ensembl,6,vertebrates,FOXN3,MA1489.1,4.248,1.08e-05,0.000128
human_enhancers_ensembl,6,vertebrates,HOXB13,MA0901.3,4.245,1.1e-05,0.000128
human_enhancers_ensembl,6,vertebrates,Dux,MA0611.3,4.23,1.17e-05,0.000134
human_enhancers_ensembl,6,vertebrates,KLF13,MA0657.2,4.218,1.23e-05,0.000139
human_enhancers_ensembl,6,vertebrates,ELF3,MA0640.3,4.218,1.23e-05,0.000139
human_enhancers_ensembl,6,vertebrates,FOXI1,MA0042.2,4.212,1.26e-05,0.00014
human_enhancers_ensembl,6,vertebrates,FOXA1,MA0148.5,4.207,1.3e-05,0.000141
human_enhancers_ensembl,6,vertebrates,Alx1,MA0854.2,4.205,1.31e-05,0.000141
human_enhancers_ensembl,6,vertebrates,FOXO1::FLI1,MA1956.2,4.185,1.42e-05,0.000152
human_enhancers_ensembl,6,vertebrates,FOXK2,MA1103.3,4.13,1.81e-05,0.000189
human_enhancers_ensembl,6,vertebrates,GSX1,MA0892.2,4.128,1.83e-05,0.000189
human_enhancers_ensembl,6,vertebrates,POU6F2,MA0793.2,4.127,1.84e-05,0.000189
human_enhancers_ensembl,6,vertebrates,Lhx4,MA0704.2,4.104,2.03e-05,0.000205
human_enhancers_ensembl,6,vertebrates,BATF3,MA0835.3,4.104,2.03e-05,0.000205
human_enhancers_ensembl,6,vertebrates,MSANTD3,MA1523.2,4.062,2.43e-05,0.00024
human_enhancers_ensembl,6,vertebrates,HOXA7,MA1498.3,4.061,2.44e-05,0.00024
human_enhancers_ensembl,6,vertebrates,SOX8,MA0868.3,4.044,2.63e-05,0.000256
human_enhancers_ensembl,6,vertebrates,Arid5a,MA0602.2,4.034,2.75e-05,0.000264
human_enhancers_ensembl,6,vertebrates,FOXS1,MA2118.1,4.02,2.91e-05,0.000277
human_enhancers_ensembl,6,vertebrates,ZNF75D,MA1601.2,4.009,3.04e-05,0.000287
human_enhancers_ensembl,6,vertebrates,FOXP1,MA0481.4,3.998,3.19e-05,0.000297
human_enhancers_ensembl,6,vertebrates,EHF,MA0598.4,3.987,3.35e-05,0.000309
human_enhancers_ensembl,6,vertebrates,FOXF2,MA0030.2,3.983,3.4e-05,0.00031
human_enhancers_ensembl,6,vertebrates,MEF2C,MA0497.2,3.969,3.61e-05,0.000326
human_enhancers_ensembl,6,vertebrates,FOXA2,MA0047.4,3.948,3.94e-05,0.000351
human_enhancers_ensembl,6,vertebrates,PRRX1,MA0716.2,3.943,4.03e-05,0.000351
human_enhancers_ensembl,6,vertebrates,FOXH1,MA0479.2,3.942,4.05e-05,0.000351
human_enhancers_ensembl,6,vertebrates,ZNF184,MA2120.1,3.94,4.07e-05,0.000351
human_enhancers_ensembl,6,vertebrates,NKX2-8,MA0673.2,3.937,4.12e-05,0.000351
human_enhancers_ensembl,6,vertebrates,FOXO4,MA0848.1,3.937,4.13e-05,0.000351
human_enhancers_ensembl,6,vertebrates,ZNF418,MA1980.1,3.917,4.49e-05,0.000378
human_enhancers_ensembl,6,vertebrates,Atf3,MA1988.2,3.903,4.75e-05,0.000393
human_enhancers_ensembl,6,vertebrates,UNCX,MA0721.2,3.903,4.76e-05,0.000393
human_enhancers_ensembl,6,vertebrates,Foxo1,MA0480.3,3.9,4.8e-05,0.000393
human_enhancers_ensembl,6,vertebrates,Hnf1A,MA1991.2,3.891,4.99e-05,0.000404
human_enhancers_ensembl,6,vertebrates,HESX1,MA0894.2,3.879,5.25e-05,0.000422
human_enhancers_ensembl,6,vertebrates,ZNF558,MA2335.1,3.852,5.86e-05,0.000464
human_enhancers_ensembl,6,vertebrates,FOSL1::JUND,MA1142.2,3.85,5.9e-05,0.000464
human_enhancers_ensembl,6,vertebrates,BATF,MA1634.2,3.849,5.93e-05,0.000464
human_enhancers_ensembl,6,vertebrates,ONECUT3,MA0757.2,3.842,6.1e-05,0.000473
human_enhancers_ensembl,6,vertebrates,Stat2,MA1623.2,3.834,6.3e-05,0.000484
human_enhancers_ensembl,6,vertebrates,MIXL1,MA0662.2,3.788,7.6e-05,0.000579
human_enhancers_ensembl,6,vertebrates,ZNF354A,MA1978.2,3.756,8.63e-05,0.000652
human_enhancers_ensembl,6,vertebrates,NKX6-1,MA0674.2,3.741,9.17e-05,0.000687
human_enhancers_ensembl,6,vertebrates,ELK1::HOXA1,MA1931.1,3.726,9.74e-05,0.000714
human_enhancers_ensembl,6,vertebrates,SHOX,MA0630.2,3.725,9.77e-05,0.000714
human_enhancers_ensembl,6,vertebrates,RAX2,MA0717.2,3.723,9.83e-05,0.000714
human_enhancers_ensembl,6,vertebrates,Shox2,MA0720.2,3.722,9.87e-05,0.000714
human_enhancers_ensembl,6,vertebrates,PAX4,MA0068.2,3.719,0.0001,0.000715
human_enhancers_ensembl,6,vertebrates,Irf1,MA0050.4,3.718,0.0001,0.000715
human_enhancers_ensembl,6,vertebrates,FOXD2,MA0847.4,3.707,0.000105,0.00074
human_enhancers_ensembl,6,vertebrates,Hoxa13,MA0650.4,3.705,0.000106,0.00074
human_enhancers_ensembl,6,vertebrates,PROP1,MA0715.1,3.702,0.000107,0.00074
human_enhancers_ensembl,6,vertebrates,BATF::JUN,MA0462.3,3.701,0.000107,0.00074
human_enhancers_ensembl,6,vertebrates,Foxf1,MA1606.2,3.686,0.000114,0.000779
human_enhancers_ensembl,6,vertebrates,FOXA3,MA1683.2,3.683,0.000115,0.000782
human_enhancers_ensembl,6,vertebrates,Dlx4,MA0881.2,3.673,0.00012,0.000806
human_enhancers_ensembl,6,vertebrates,TLX2,MA1577.2,3.671,0.000121,0.000806
human_enhancers_ensembl,6,vertebrates,ISL2,MA0914.2,3.67,0.000121,0.000806
human_enhancers_ensembl,6,vertebrates,PBX1,MA0070.2,3.651,0.000131,0.00086
human_enhancers_ensembl,6,vertebrates,FOXO6,MA0849.1,3.639,0.000137,0.000892
human_enhancers_ensembl,6,vertebrates,TCF7L2,MA0523.2,3.637,0.000138,0.000892
human_enhancers_ensembl,6,vertebrates,PRDM9,MA1723.2,3.636,0.000138,0.000892
human_enhancers_ensembl,6,vertebrates,POU2F3,MA0627.3,3.63,0.000142,0.000905
human_enhancers_ensembl,6,vertebrates,POU2F1::SOX2,MA1962.1,3.609,0.000154,0.000972
human_enhancers_ensembl,6,vertebrates,Spi1,MA0080.7,3.607,0.000155,0.000972
human_enhancers_ensembl,6,vertebrates,TEAD4,MA0809.3,3.606,0.000155,0.000972
human_enhancers_ensembl,6,vertebrates,SRY,MA0084.2,3.589,0.000166,0.00103
human_enhancers_ensembl,6,vertebrates,TEAD1,MA0090.4,3.586,0.000168,0.00104
human_enhancers_ensembl,6,vertebrates,POU6F1,MA0628.2,3.561,0.000185,0.00113
human_enhancers_ensembl,6,vertebrates,SPIC,MA0687.2,3.557,0.000188,0.00114
human_enhancers_ensembl,6,vertebrates,GSC2,MA0891.2,3.556,0.000188,0.00114
human_enhancers_ensembl,6,vertebrates,Yy1,MA0095.4,3.549,0.000193,0.00116
human_enhancers_ensembl,6,vertebrates,DLX6,MA0882.2,3.531,0.000207,0.00123
human_enhancers_ensembl,6,vertebrates,FOXP4,MA2117.1,3.526,0.000211,0.00125
human_enhancers_ensembl,6,vertebrates,ZNF175,MA2332.1,3.518,0.000218,0.00128
human_enhancers_ensembl,6,vertebrates,Dlx5,MA1476.3,3.467,0.000263,0.00154
human_enhancers_ensembl,6,vertebrates,Foxj3,MA0851.2,3.452,0.000278,0.00161
human_enhancers_ensembl,6,vertebrates,BNC2,MA1928.2,3.41,0.000325,0.00187
human_enhancers_ensembl,6,vertebrates,ELF1,MA0473.4,3.406,0.000329,0.00187
human_enhancers_ensembl,6,vertebrates,Dlx2,MA0885.3,3.404,0.000332,0.00187
human_enhancers_ensembl,6,vertebrates,BCL6B,MA0731.1,3.403,0.000333,0.00187
human_enhancers_ensembl,6,vertebrates,ERF::HOXB13,MA1937.2,3.402,0.000335,0.00187
human_enhancers_ensembl,6,vertebrates,ZNF410,MA0752.2,3.401,0.000336,0.00187
human_enhancers_ensembl,6,vertebrates,ARGFX,MA1463.2,3.383,0.000358,0.00198
human_enhancers_ensembl,6,vertebrates,REL,MA0101.1,3.381,0.000361,0.00198
human_enhancers_ensembl,6,vertebrates,MEF2B,MA0660.1,3.381,0.000361,0.00198
human_enhancers_ensembl,6,vertebrates,NFKB1,MA0105.4,3.368,0.000378,0.00206
human_enhancers_ensembl,6,vertebrates,BARX2,MA1471.2,3.364,0.000385,0.00208
human_enhancers_ensembl,6,vertebrates,Pou5f1::Sox2,MA0142.1,3.357,0.000393,0.00211
human_enhancers_ensembl,6,vertebrates,SATB1,MA1963.2,3.354,0.000398,0.00213
human_enhancers_ensembl,6,vertebrates,HOXB2::ELK1,MA1957.1,3.345,0.000411,0.00218
human_enhancers_ensembl,6,vertebrates,ELK1::HOXB13,MA1932.2,3.344,0.000413,0.00218
human_enhancers_ensembl,6,vertebrates,NKX6-2,MA0675.2,3.328,0.000437,0.00229
human_enhancers_ensembl,6,vertebrates,Foxj2,MA0614.1,3.303,0.000478,0.00249
human_enhancers_ensembl,6,vertebrates,BARHL2,MA0635.2,3.279,0.000521,0.0027
human_enhancers_ensembl,6,vertebrates,VSX2,MA0726.2,3.278,0.000524,0.0027
human_enhancers_ensembl,6,vertebrates,RELA,MA0107.1,3.258,0.000561,0.00288
human_enhancers_ensembl,6,vertebrates,FOXL1,MA0033.2,3.214,0.000655,0.00334
human_enhancers_ensembl,6,vertebrates,Dlx3,MA0880.2,3.205,0.000676,0.00342
human_enhancers_ensembl,6,vertebrates,VSX1,MA0725.2,3.202,0.000682,0.00343
human_enhancers_ensembl,6,vertebrates,NKX2-5,MA0063.3,3.201,0.000686,0.00343
human_enhancers_ensembl,6,vertebrates,Ikzf3,MA1992.2,3.175,0.000748,0.00372
human_enhancers_ensembl,6,vertebrates,Arid3a,MA0151.1,3.17,0.000761,0.00377
human_enhancers_ensembl,6,vertebrates,ERF::SREBF2,MA1939.2,3.161,0.000786,0.00387
human_enhancers_ensembl,6,vertebrates,NFE2,MA0841.2,3.155,0.000804,0.00393
human_enhancers_ensembl,6,vertebrates,BACH2,MA1470.2,3.147,0.000826,0.00402
human_enhancers_ensembl,6,vertebrates,FOXD1,MA0031.2,3.134,0.000861,0.00417
human_enhancers_ensembl,6,vertebrates,PHOX2A,MA0713.1,3.114,0.000922,0.00444
human_enhancers_ensembl,6,vertebrates,VAX1,MA0722.2,3.09,0.001,0.00479
human_enhancers_ensembl,6,vertebrates,SPIB,MA0081.3,3.086,0.00101,0.00481
human_enhancers_ensembl,6,vertebrates,RELB,MA1117.2,3.086,0.00102,0.00481
human_enhancers_ensembl,6,vertebrates,Nkx3-1,MA0124.3,3.071,0.00107,0.00502
human_enhancers_ensembl,6,vertebrates,BARHL1,MA0877.4,3.066,0.00109,0.00509
human_enhancers_ensembl,6,vertebrates,MEF2D,MA0773.1,3.026,0.00124,0.00578
human_enhancers_ensembl,6,vertebrates,FOXO1::ELF1,MA1953.2,3.014,0.00129,0.00597
human_enhancers_ensembl,6,vertebrates,GATA1,MA0035.5,3.002,0.00134,0.00619
human_enhancers_ensembl,6,vertebrates,Sox11,MA0869.3,2.985,0.00142,0.0065
human_enhancers_ensembl,6,vertebrates,Nfatc1,MA0624.3,2.984,0.00142,0.0065
human_enhancers_ensembl,6,vertebrates,ZNF136,MA1588.1,2.976,0.00146,0.00662
human_enhancers_ensembl,6,vertebrates,PRRX2,MA0075.4,2.967,0.0015,0.00678
human_enhancers_ensembl,6,vertebrates,POU5F1B,MA0792.1,2.962,0.00153,0.00687
human_enhancers_ensembl,6,vertebrates,Nobox,MA0125.2,2.96,0.00154,0.00688
human_enhancers_ensembl,6,vertebrates,OTX2,MA0712.3,2.922,0.00174,0.00774
human_enhancers_ensembl,6,vertebrates,VAX2,MA0723.3,2.903,0.00185,0.00817
human_enhancers_ensembl,6,vertebrates,ZNF528,MA1597.1,2.893,0.00191,0.00839
human_enhancers_ensembl,6,vertebrates,ZNF16,MA1654.2,2.891,0.00192,0.0084
human_enhancers_ensembl,6,vertebrates,JUN::JUNB,MA1132.2,2.871,0.00205,0.00889
human_enhancers_ensembl,6,vertebrates,ZIM3,MA1709.2,2.87,0.00205,0.00889
human_enhancers_ensembl,6,vertebrates,PITX3,MA0714.2,2.862,0.00211,0.0091
human_enhancers_ensembl,6,vertebrates,LHX2,MA0700.3,2.825,0.00236,0.0101
human_enhancers_ensembl,6,vertebrates,SOX15,MA1152.2,2.803,0.00253,0.0108
human_enhancers_ensembl,6,vertebrates,ZNF582,MA1983.2,2.803,0.00254,0.0108
human_enhancers_ensembl,6,vertebrates,NR4A1,MA1112.3,2.798,0.00257,0.0109
human_enhancers_ensembl,6,vertebrates,ELK4,MA0076.3,2.791,0.00263,0.0111
human_enhancers_ensembl,6,vertebrates,ISX,MA0654.2,2.78,0.00272,0.0114
human_enhancers_ensembl,6,vertebrates,Nr1H2,MA1996.2,2.764,0.00286,0.0119
human_enhancers_ensembl,6,vertebrates,CDX4,MA1473.2,2.764,0.00286,0.0119
human_enhancers_ensembl,6,vertebrates,GABPA,MA0062.4,2.746,0.00302,0.0125
human_enhancers_ensembl,6,vertebrates,Msx3,MA0709.2,2.744,0.00303,0.0125
human_enhancers_ensembl,6,vertebrates,HOXA10,MA0899.2,2.73,0.00317,0.013
human_enhancers_ensembl,6,vertebrates,POU3F3,MA0788.1,2.724,0.00322,0.0131
human_enhancers_ensembl,6,vertebrates,ZFP42,MA1651.2,2.719,0.00327,0.0133
human_enhancers_ensembl,6,vertebrates,Sox17,MA0078.3,2.699,0.00348,0.014
human_enhancers_ensembl,6,vertebrates,Sox7,MA2095.1,2.691,0.00356,0.0143
human_enhancers_ensembl,6,vertebrates,Prdm4,MA1647.3,2.665,0.00385,0.0154
human_enhancers_ensembl,6,vertebrates,CREB1,MA0018.5,2.645,0.00408,0.0163
human_enhancers_ensembl,6,vertebrates,POU6F1,MA1549.2,2.631,0.00426,0.0169
human_enhancers_ensembl,6,vertebrates,Vdr,MA0693.4,2.611,0.00451,0.0178
human_enhancers_ensembl,6,vertebrates,Arx,MA0874.2,2.585,0.00486,0.0191
human_enhancers_ensembl,6,vertebrates,Foxq1,MA0040.2,2.562,0.0052,0.0203
human_enhancers_ensembl,6,vertebrates,DUXA,MA0884.2,2.555,0.00531,0.0207
human_enhancers_ensembl,6,vertebrates,NOTO,MA0710.2,2.552,0.00536,0.0208
human_enhancers_ensembl,6,vertebrates,Nr2e3,MA0164.2,2.55,0.00539,0.0208
human_enhancers_ensembl,6,vertebrates,HOXD9,MA0913.3,2.527,0.00575,0.0221
human_enhancers_ensembl,6,vertebrates,ETV1,MA0761.3,2.519,0.00588,0.0224
human_enhancers_ensembl,6,vertebrates,Erg,MA0474.4,2.519,0.00589,0.0224
human_enhancers_ensembl,6,vertebrates,PDX1,MA0132.3,2.49,0.00638,0.0242
human_enhancers_ensembl,6,vertebrates,POU3F2,MA0787.1,2.48,0.00657,0.0248
human_enhancers_ensembl,6,vertebrates,Pparg::Rxra,MA0065.3,2.479,0.0066,0.0248
human_enhancers_ensembl,6,vertebrates,GATA2,MA0036.4,2.473,0.0067,0.0251
human_enhancers_ensembl,6,vertebrates,POU2F1,MA0785.2,2.461,0.00692,0.0258
human_enhancers_ensembl,6,vertebrates,CEBPG,MA1636.2,2.437,0.00741,0.0274
human_enhancers_ensembl,6,vertebrates,ATF4,MA0833.3,2.437,0.00741,0.0274
human_enhancers_ensembl,6,vertebrates,NFIL3,MA0025.3,2.433,0.00748,0.0275
human_enhancers_ensembl,6,vertebrates,HOXD12::ELK1,MA1958.2,2.403,0.00813,0.0298
human_enhancers_ensembl,6,vertebrates,Dmrt1,MA1603.2,2.399,0.00822,0.03
human_enhancers_ensembl,6,vertebrates,GBX2,MA0890.2,2.396,0.0083,0.0302
human_enhancers_ensembl,6,vertebrates,POU2F2,MA0507.3,2.382,0.00861,0.0312
human_enhancers_ensembl,6,vertebrates,IRF3,MA1418.2,2.378,0.00871,0.0314
human_enhancers_ensembl,6,vertebrates,CDX1,MA0878.3,2.364,0.00904,0.0325
human_enhancers_ensembl,6,vertebrates,GATA6,MA1104.3,2.358,0.00919,0.0329
human_enhancers_ensembl,6,vertebrates,ZNF85,MA1720.2,2.33,0.0099,0.0353
human_enhancers_ensembl,6,vertebrates,Sox6,MA0515.1,2.311,0.0104,0.037
human_enhancers_ensembl,6,vertebrates,MSX2,MA0708.3,2.305,0.0106,0.0374
human_enhancers_ensembl,6,vertebrates,Nr1H4,MA1110.3,2.302,0.0107,0.0375
human_enhancers_ensembl,6,vertebrates,Lhx1,MA1518.3,2.298,0.0108,0.0378
human_enhancers_ensembl,6,vertebrates,RHOXF1,MA0719.2,2.284,0.0112,0.039
human_enhancers_ensembl,6,vertebrates,POU3F1,MA0786.2,2.273,0.0115,0.0399
human_enhancers_ensembl,6,vertebrates,EN1,MA0027.3,2.273,0.0115,0.0399
human_enhancers_ensembl,6,vertebrates,ZNF652,MA1657.2,2.263,0.0118,0.0408
human_enhancers_ensembl,6,vertebrates,DUX4,MA0468.1,2.256,0.012,0.0413
human_enhancers_ensembl,6,vertebrates,GBX1,MA0889.2,2.255,0.0121,0.0413
human_enhancers_ensembl,6,vertebrates,MEIS3,MA0775.2,2.243,0.0125,0.0424
human_enhancers_ensembl,6,vertebrates,FOSL1::JUND,MA1143.2,2.233,0.0128,0.0433
human_enhancers_ensembl,6,vertebrates,NFYA,MA0060.4,2.217,0.0133,0.0449
human_enhancers_ensembl,6,vertebrates,SOX14,MA1562.2,2.217,0.0133,0.0449
human_enhancers_ensembl,6,vertebrates,BSX,MA0876.2,2.196,0.0141,0.0472
human_enhancers_ensembl,6,vertebrates,TCF7,MA0769.3,2.194,0.0141,0.0472
human_enhancers_ensembl,6,vertebrates,Foxn1,MA1684.1,2.192,0.0142,0.0473
human_enhancers_ensembl,6,vertebrates,DPRX,MA1480.2,2.174,0.0148,0.0492
human_enhancers_ensembl,6,vertebrates,Isl1,MA1608.2,2.168,0.0151,0.0498
human_ocr_ensembl,6,vertebrates,TGIF2,MA0797.1,6.602,2.03e-11,1.78e-08
human_ocr_ensembl,6,vertebrates,PHOX2B,MA0681.3,6.445,5.76e-11,2.52e-08
human_ocr_ensembl,6,vertebrates,TGIF1,MA0796.1,6.306,1.44e-10,4.19e-08
human_ocr_ensembl,6,vertebrates,PKNOX2,MA0783.1,6.226,2.39e-10,5.24e-08
human_ocr_ensembl,6,vertebrates,MEIS1,MA1639.2,6.148,3.94e-10,6.89e-08
human_ocr_ensembl,6,vertebrates,RAX,MA0718.2,5.979,1.12e-09,1.64e-07
human_ocr_ensembl,6,vertebrates,PBX2,MA1113.3,5.837,2.66e-09,3.32e-07
human_ocr_ensembl,6,vertebrates,ZNF558,MA2335.1,5.815,3.03e-09,3.32e-07
human_ocr_ensembl,6,vertebrates,Ptf1A,MA1618.2,5.635,8.76e-09,8.52e-07
human_ocr_ensembl,6,vertebrates,Alx1,MA0854.2,5.509,1.81e-08,1.58e-06
human_ocr_ensembl,6,vertebrates,MEIS2,MA1640.2,5.486,2.06e-08,1.64e-06
human_ocr_ensembl,6,vertebrates,ZIM3,MA1709.2,5.432,2.79e-08,2.03e-06
human_ocr_ensembl,6,vertebrates,HNF1A,MA0046.3,5.388,3.56e-08,2.4e-06
human_ocr_ensembl,6,vertebrates,Ascl2,MA0816.1,5.334,4.8e-08,2.91e-06
human_ocr_ensembl,6,vertebrates,ZNF384,MA1125.2,5.327,4.99e-08,2.91e-06
human_ocr_ensembl,6,vertebrates,SIX2,MA1119.2,5.295,5.94e-08,3.15e-06
human_ocr_ensembl,6,vertebrates,NEUROG2,MA1642.2,5.29,6.11e-08,3.15e-06
human_ocr_ensembl,6,vertebrates,TAL1::TCF3,MA0091.2,5.262,7.12e-08,3.46e-06
human_ocr_ensembl,6,vertebrates,Dlx5,MA1476.3,5.143,1.35e-07,6.24e-06
human_ocr_ensembl,6,vertebrates,ZNF418,MA1980.1,5.086,1.83e-07,8.01e-06
human_ocr_ensembl,6,vertebrates,HNF1B,MA0153.2,5.038,2.35e-07,9.82e-06
human_ocr_ensembl,6,vertebrates,Dlx2,MA0885.3,5.014,2.67e-07,1.04e-05
human_ocr_ensembl,6,vertebrates,Arid5a,MA0602.2,5.01,2.72e-07,1.04e-05
human_ocr_ensembl,6,vertebrates,VSX1,MA0725.2,4.996,2.93e-07,1.07e-05
human_ocr_ensembl,6,vertebrates,TBP,MA0108.3,4.961,3.51e-07,1.23e-05
human_ocr_ensembl,6,vertebrates,TWIST1,MA1123.3,4.901,4.77e-07,1.53e-05
human_ocr_ensembl,6,vertebrates,mix-a,MA0621.2,4.898,4.84e-07,1.53e-05
human_ocr_ensembl,6,vertebrates,POU4F2,MA0683.2,4.893,4.98e-07,1.53e-05
human_ocr_ensembl,6,vertebrates,SATB1,MA1963.2,4.885,5.17e-07,1.53e-05
human_ocr_ensembl,6,vertebrates,TGIF2LY,MA1572.1,4.882,5.25e-07,1.53e-05
human_ocr_ensembl,6,vertebrates,POU4F3,MA0791.2,4.852,6.11e-07,1.69e-05
human_ocr_ensembl,6,vertebrates,GSX1,MA0892.2,4.844,6.36e-07,1.69e-05
human_ocr_ensembl,6,vertebrates,Msgn1,MA1524.3,4.843,6.38e-07,1.69e-05
human_ocr_ensembl,6,vertebrates,VSX2,MA0726.2,4.81,7.54e-07,1.94e-05
human_ocr_ensembl,6,vertebrates,Irf1,MA0050.4,4.773,9.06e-07,2.27e-05
human_ocr_ensembl,6,vertebrates,Atoh1,MA1467.3,4.759,9.71e-07,2.32e-05
human_ocr_ensembl,6,vertebrates,ARGFX,MA1463.2,4.757,9.82e-07,2.32e-05
human_ocr_ensembl,6,vertebrates,Atoh1,MA0461.3,4.748,1.03e-06,2.37e-05
human_ocr_ensembl,6,vertebrates,LMX1A,MA0702.3,4.729,1.13e-06,2.53e-05
human_ocr_ensembl,6,vertebrates,POU4F1,MA0790.2,4.678,1.45e-06,3.17e-05
human_ocr_ensembl,6,vertebrates,Stat2,MA1623.2,4.639,1.75e-06,3.74e-05
human_ocr_ensembl,6,vertebrates,Hmga1,MA2124.1,4.607,2.05e-06,4.27e-05
human_ocr_ensembl,6,vertebrates,NEUROG2,MA0669.1,4.598,2.13e-06,4.34e-05
human_ocr_ensembl,6,vertebrates,Nobox,MA0125.2,4.583,2.29e-06,4.55e-05
human_ocr_ensembl,6,vertebrates,Lhx3,MA0135.2,4.552,2.66e-06,5.18e-05
human_ocr_ensembl,6,vertebrates,Yy1,MA0095.4,4.535,2.88e-06,5.48e-05
human_ocr_ensembl,6,vertebrates,FOXA1,MA0148.5,4.513,3.19e-06,5.95e-05
human_ocr_ensembl,6,vertebrates,ALX3,MA0634.2,4.505,3.32e-06,6.05e-05
human_ocr_ensembl,6,vertebrates,ZNF766,MA2098.1,4.498,3.43e-06,6.12e-05
human_ocr_ensembl,6,vertebrates,POU6F1,MA1549.2,4.488,3.59e-06,6.28e-05
human_ocr_ensembl,6,vertebrates,NEUROD1,MA1109.2,4.46,4.09e-06,7.03e-05
human_ocr_ensembl,6,vertebrates,TLX2,MA1577.2,4.455,4.2e-06,7.08e-05
human_ocr_ensembl,6,vertebrates,MEF2A,MA0052.5,4.405,5.28e-06,8.69e-05
human_ocr_ensembl,6,vertebrates,UNCX,MA0721.2,4.402,5.36e-06,8.69e-05
human_ocr_ensembl,6,vertebrates,Neurod2,MA0668.3,4.394,5.57e-06,8.87e-05
human_ocr_ensembl,6,vertebrates,SHOX,MA0630.2,4.39,5.67e-06,8.87e-05
human_ocr_ensembl,6,vertebrates,LHX2,MA0700.3,4.377,6.02e-06,9.2e-05
human_ocr_ensembl,6,vertebrates,TGIF2LX,MA1571.1,4.374,6.09e-06,9.2e-05
human_ocr_ensembl,6,vertebrates,Pax7,MA0680.3,4.362,6.44e-06,9.56e-05
human_ocr_ensembl,6,vertebrates,Tcf21,MA0832.2,4.355,6.64e-06,9.7e-05
human_ocr_ensembl,6,vertebrates,Hnf1A,MA1991.2,4.302,8.47e-06,0.00012
human_ocr_ensembl,6,vertebrates,SCRT1,MA0743.3,4.301,8.5e-06,0.00012
human_ocr_ensembl,6,vertebrates,MYF6,MA0667.1,4.295,8.73e-06,0.00012
human_ocr_ensembl,6,vertebrates,ZNF35,MA2333.1,4.295,8.74e-06,0.00012
human_ocr_ensembl,6,vertebrates,PAX4,MA0068.2,4.282,9.26e-06,0.000125
human_ocr_ensembl,6,vertebrates,LMX1B,MA0703.3,4.279,9.41e-06,0.000125
human_ocr_ensembl,6,vertebrates,FOXE1,MA1487.3,4.272,9.68e-06,0.000125
human_ocr_ensembl,6,vertebrates,POU6F1,MA0628.2,4.268,9.85e-06,0.000125
human_ocr_ensembl,6,vertebrates,Lhx4,MA0704.2,4.268,9.87e-06,0.000125
human_ocr_ensembl,6,vertebrates,Pou5f1::Sox2,MA0142.1,4.251,1.06e-05,0.000133
human_ocr_ensembl,6,vertebrates,VAX1,MA0722.2,4.246,1.09e-05,0.000134
human_ocr_ensembl,6,vertebrates,PRRX2,MA0075.4,4.233,1.15e-05,0.00014
human_ocr_ensembl,6,vertebrates,POU2F2,MA0507.3,4.225,1.19e-05,0.000143
human_ocr_ensembl,6,vertebrates,ISL2,MA0914.2,4.186,1.42e-05,0.000168
human_ocr_ensembl,6,vertebrates,SOX15,MA1152.2,4.142,1.72e-05,0.000201
human_ocr_ensembl,6,vertebrates,POU3F2,MA0787.1,4.136,1.77e-05,0.000204
human_ocr_ensembl,6,vertebrates,BARHL1,MA0877.4,4.095,2.11e-05,0.00024
human_ocr_ensembl,6,vertebrates,OLIG1,MA0826.1,4.085,2.2e-05,0.000248
human_ocr_ensembl,6,vertebrates,FERD3L,MA1485.1,4.076,2.3e-05,0.000255
human_ocr_ensembl,6,vertebrates,FOXB1,MA0845.1,4.072,2.33e-05,0.000255
human_ocr_ensembl,6,vertebrates,Shox2,MA0720.2,4.041,2.66e-05,0.000287
human_ocr_ensembl,6,vertebrates,HESX1,MA0894.2,4.02,2.92e-05,0.000311
human_ocr_ensembl,6,vertebrates,ESX1,MA0644.3,3.988,3.33e-05,0.000352
human_ocr_ensembl,6,vertebrates,Foxj3,MA0851.2,3.97,3.6e-05,0.000375
human_ocr_ensembl,6,vertebrates,FOXP2,MA0593.2,3.962,3.71e-05,0.000382
human_ocr_ensembl,6,vertebrates,Bhlha15,MA1472.3,3.918,4.46e-05,0.000454
human_ocr_ensembl,6,vertebrates,Dlx4,MA0881.2,3.914,4.54e-05,0.000457
human_ocr_ensembl,6,vertebrates,POU1F1,MA0784.3,3.911,4.59e-05,0.000457
human_ocr_ensembl,6,vertebrates,NKX6-2,MA0675.2,3.909,4.64e-05,0.000457
human_ocr_ensembl,6,vertebrates,Foxj2,MA0614.1,3.891,4.98e-05,0.000485
human_ocr_ensembl,6,vertebrates,Dux,MA0611.3,3.864,5.59e-05,0.000537
human_ocr_ensembl,6,vertebrates,SCRT2,MA0744.3,3.861,5.64e-05,0.000537
human_ocr_ensembl,6,vertebrates,MYF5,MA1641.2,3.857,5.75e-05,0.000541
human_ocr_ensembl,6,vertebrates,ZNF317,MA1593.2,3.842,6.11e-05,0.000569
human_ocr_ensembl,6,vertebrates,NOTO,MA0710.2,3.836,6.25e-05,0.000577
human_ocr_ensembl,6,vertebrates,POU3F3,MA0788.1,3.802,7.19e-05,0.000652
human_ocr_ensembl,6,vertebrates,Arid3b,MA0601.2,3.8,7.23e-05,0.000652
human_ocr_ensembl,6,vertebrates,SIX1,MA1118.2,3.798,7.3e-05,0.000652
human_ocr_ensembl,6,vertebrates,HOXA7,MA1498.3,3.79,7.52e-05,0.000665
human_ocr_ensembl,6,vertebrates,RAX2,MA0717.2,3.771,8.14e-05,0.000713
human_ocr_ensembl,6,vertebrates,Isl1,MA1608.2,3.756,8.63e-05,0.000749
human_ocr_ensembl,6,vertebrates,Dlx3,MA0880.2,3.75,8.85e-05,0.00076
human_ocr_ensembl,6,vertebrates,Msx3,MA0709.2,3.717,0.000101,0.000857
human_ocr_ensembl,6,vertebrates,DLX6,MA0882.2,3.703,0.000106,0.000896
human_ocr_ensembl,6,vertebrates,Nr2e3,MA0164.2,3.694,0.00011,0.000919
human_ocr_ensembl,6,vertebrates,Foxq1,MA0040.2,3.677,0.000118,0.000977
human_ocr_ensembl,6,vertebrates,HOXB13,MA0901.3,3.648,0.000132,0.00108
human_ocr_ensembl,6,vertebrates,ATF4,MA0833.3,3.642,0.000135,0.0011
human_ocr_ensembl,6,vertebrates,FOXD3,MA0041.3,3.609,0.000153,0.00123
human_ocr_ensembl,6,vertebrates,Tcf12,MA0521.3,3.587,0.000167,0.00133
human_ocr_ensembl,6,vertebrates,PRRX1,MA0716.2,3.586,0.000168,0.00133
human_ocr_ensembl,6,vertebrates,GBX1,MA0889.2,3.569,0.000179,0.0014
human_ocr_ensembl,6,vertebrates,ONECUT1,MA0679.3,3.535,0.000204,0.00158
human_ocr_ensembl,6,vertebrates,HOXB3,MA0903.2,3.53,0.000208,0.00159
human_ocr_ensembl,6,vertebrates,PBX1,MA0070.2,3.528,0.000209,0.00159
human_ocr_ensembl,6,vertebrates,HMBOX1,MA0895.2,3.522,0.000214,0.00161
human_ocr_ensembl,6,vertebrates,LBX1,MA0618.2,3.49,0.000242,0.00181
human_ocr_ensembl,6,vertebrates,SOX8,MA0868.3,3.475,0.000256,0.0019
human_ocr_ensembl,6,vertebrates,NKX6-1,MA0674.2,3.463,0.000267,0.00197
human_ocr_ensembl,6,vertebrates,STAT1::STAT2,MA0517.2,3.458,0.000272,0.00198
human_ocr_ensembl,6,vertebrates,ISX,MA0654.2,3.456,0.000274,0.00198
human_ocr_ensembl,6,vertebrates,FOXC1,MA0032.2,3.413,0.000321,0.00231
human_ocr_ensembl,6,vertebrates,ZBTB18,MA0698.2,3.39,0.00035,0.00249
human_ocr_ensembl,6,vertebrates,ZNF136,MA1588.1,3.377,0.000367,0.00259
human_ocr_ensembl,6,vertebrates,MSX1,MA0666.3,3.369,0.000377,0.00264
human_ocr_ensembl,6,vertebrates,MEF2B,MA0660.1,3.364,0.000385,0.00268
human_ocr_ensembl,6,vertebrates,ZNF582,MA1983.2,3.346,0.000411,0.00282
human_ocr_ensembl,6,vertebrates,MEF2C,MA0497.2,3.345,0.000411,0.00282
human_ocr_ensembl,6,vertebrates,POU2F1::SOX2,MA1962.1,3.337,0.000423,0.00288
human_ocr_ensembl,6,vertebrates,MSX2,MA0708.3,3.326,0.00044,0.00297
human_ocr_ensembl,6,vertebrates,TCF7L2,MA0523.2,3.316,0.000456,0.00305
human_ocr_ensembl,6,vertebrates,MEF2D,MA0773.1,3.308,0.000469,0.00311
human_ocr_ensembl,6,vertebrates,OLIG3,MA0827.1,3.302,0.00048,0.00314
human_ocr_ensembl,6,vertebrates,ZNF354A,MA1978.2,3.298,0.000487,0.00314
human_ocr_ensembl,6,vertebrates,BARHL2,MA0635.2,3.298,0.000488,0.00314
human_ocr_ensembl,6,vertebrates,MXI1,MA1108.3,3.297,0.000488,0.00314
human_ocr_ensembl,6,vertebrates,MEOX2,MA0706.2,3.284,0.000511,0.00327
human_ocr_ensembl,6,vertebrates,TFAP4::ETV1,MA1966.2,3.273,0.000532,0.00338
human_ocr_ensembl,6,vertebrates,Hoxa13,MA0650.4,3.271,0.000536,0.00338
human_ocr_ensembl,6,vertebrates,MEOX1,MA0661.2,3.26,0.000557,0.00349
human_ocr_ensembl,6,vertebrates,FOXD2,MA0847.4,3.248,0.000582,0.00361
human_ocr_ensembl,6,vertebrates,CTCF,MA1929.2,3.204,0.000679,0.00418
human_ocr_ensembl,6,vertebrates,PDX1,MA0132.3,3.202,0.000682,0.00418
human_ocr_ensembl,6,vertebrates,Prdm4,MA1647.3,3.186,0.000721,0.00439
human_ocr_ensembl,6,vertebrates,ERF::FIGLA,MA1934.2,3.182,0.000732,0.00442
human_ocr_ensembl,6,vertebrates,GATA1,MA0035.5,3.175,0.000748,0.00448
human_ocr_ensembl,6,vertebrates,KLF13,MA0657.2,3.174,0.000751,0.00448
human_ocr_ensembl,6,vertebrates,Foxo3,MA0157.4,3.155,0.000802,0.00475
human_ocr_ensembl,6,vertebrates,HOXA2,MA0900.3,3.151,0.000813,0.00478
human_ocr_ensembl,6,vertebrates,Lef1,MA0768.3,3.145,0.000831,0.00485
human_ocr_ensembl,6,vertebrates,Arx,MA0874.2,3.131,0.00087,0.00505
human_ocr_ensembl,6,vertebrates,SOX4,MA0867.3,3.126,0.000887,0.00511
human_ocr_ensembl,6,vertebrates,HOXC4,MA1504.2,3.122,0.000899,0.00515
human_ocr_ensembl,6,vertebrates,MSANTD3,MA1523.2,3.113,0.000925,0.00526
human_ocr_ensembl,6,vertebrates,MYOG,MA0500.3,3.108,0.000942,0.00532
human_ocr_ensembl,6,vertebrates,TFAP4,MA0691.1,3.105,0.000952,0.00535
human_ocr_ensembl,6,vertebrates,FOXP1,MA0481.4,3.091,0.000996,0.00556
human_ocr_ensembl,6,vertebrates,Foxl2,MA1607.2,3.082,0.00103,0.0057
human_ocr_ensembl,6,vertebrates,Vdr,MA0693.4,3.059,0.00111,0.00609
human_ocr_ensembl,6,vertebrates,EN1,MA0027.3,3.059,0.00111,0.00609
human_ocr_ensembl,6,vertebrates,Nr2e1,MA0676.1,3.039,0.00119,0.00645
human_ocr_ensembl,6,vertebrates,Ptf1A,MA1619.2,3.032,0.00121,0.00656
human_ocr_ensembl,6,vertebrates,HOXD4,MA1507.2,3.026,0.00124,0.00667
human_ocr_ensembl,6,vertebrates,NHLH2,MA1529.2,3.004,0.00133,0.00711
human_ocr_ensembl,6,vertebrates,FOXN3,MA1489.1,3.002,0.00134,0.00711
human_ocr_ensembl,6,vertebrates,PHOX2A,MA0713.1,2.998,0.00136,0.00717
human_ocr_ensembl,6,vertebrates,HAND2,MA1638.2,2.968,0.0015,0.00785
human_ocr_ensembl,6,vertebrates,FOXC2,MA0846.2,2.957,0.00155,0.00809
human_ocr_ensembl,6,vertebrates,LHX5,MA1519.2,2.93,0.0017,0.00877
human_ocr_ensembl,6,vertebrates,CDX2,MA0465.3,2.929,0.0017,0.00877
human_ocr_ensembl,6,vertebrates,MIXL1,MA0662.2,2.902,0.00186,0.00951
human_ocr_ensembl,6,vertebrates,FOXK1,MA0852.3,2.89,0.00193,0.00981
human_ocr_ensembl,6,vertebrates,OTX2,MA0712.3,2.88,0.00199,0.01
human_ocr_ensembl,6,vertebrates,PROP1,MA0715.1,2.879,0.00199,0.01
human_ocr_ensembl,6,vertebrates,FOXG1,MA0613.1,2.873,0.00203,0.0101
human_ocr_ensembl,6,vertebrates,ASCL1,MA1100.3,2.873,0.00203,0.0101
human_ocr_ensembl,6,vertebrates,FOXK2,MA1103.3,2.864,0.00209,0.0103
human_ocr_ensembl,6,vertebrates,HOXB5,MA0904.3,2.863,0.0021,0.0103
human_ocr_ensembl,6,vertebrates,Lhx1,MA1518.3,2.859,0.00213,0.0104
human_ocr_ensembl,6,vertebrates,FOXA3,MA1683.2,2.848,0.0022,0.0107
human_ocr_ensembl,6,vertebrates,Gfi1B,MA0483.2,2.842,0.00224,0.0108
human_ocr_ensembl,6,vertebrates,GATA2,MA0036.4,2.831,0.00232,0.0111
human_ocr_ensembl,6,vertebrates,ETV2::FIGLA,MA1941.2,2.831,0.00232,0.0111
human_ocr_ensembl,6,vertebrates,OSR2,MA1646.2,2.83,0.00233,0.0111
human_ocr_ensembl,6,vertebrates,DRGX,MA1481.2,2.815,0.00244,0.0116
human_ocr_ensembl,6,vertebrates,BHLHA15,MA0607.2,2.804,0.00252,0.0119
human_ocr_ensembl,6,vertebrates,FOXF2,MA0030.2,2.802,0.00254,0.0119
human_ocr_ensembl,6,vertebrates,Hoxd13,MA0909.4,2.795,0.0026,0.0121
human_ocr_ensembl,6,vertebrates,LBX2,MA0699.2,2.792,0.00262,0.0121
human_ocr_ensembl,6,vertebrates,ERF::NHLH1,MA1938.2,2.788,0.00265,0.0122
human_ocr_ensembl,6,vertebrates,MAFF,MA0495.4,2.781,0.00271,0.0124
human_ocr_ensembl,6,vertebrates,EN2,MA0642.3,2.756,0.00293,0.0134
human_ocr_ensembl,6,vertebrates,Six4,MA2001.2,2.746,0.00302,0.0137
human_ocr_ensembl,6,vertebrates,ZNF274,MA1592.2,2.742,0.00306,0.0138
human_ocr_ensembl,6,vertebrates,Prdm15,MA1616.2,2.74,0.00307,0.0138
human_ocr_ensembl,6,vertebrates,DUXA,MA0884.2,2.727,0.00319,0.0143
human_ocr_ensembl,6,vertebrates,BATF3,MA0835.3,2.72,0.00327,0.0145
human_ocr_ensembl,6,vertebrates,Lhx8,MA0705.2,2.699,0.00348,0.0154
human_ocr_ensembl,6,vertebrates,BSX,MA0876.2,2.695,0.00352,0.0155
human_ocr_ensembl,6,vertebrates,Dmrt1,MA1603.2,2.689,0.00359,0.0157
human_ocr_ensembl,6,vertebrates,BARX1,MA0875.2,2.688,0.0036,0.0157
human_ocr_ensembl,6,vertebrates,EMX1,MA0612.3,2.686,0.00361,0.0157
human_ocr_ensembl,6,vertebrates,FOS,MA0476.2,2.681,0.00367,0.0158
human_ocr_ensembl,6,vertebrates,Foxf1,MA1606.2,2.677,0.00371,0.0159
human_ocr_ensembl,6,vertebrates,BATF,MA1634.2,2.669,0.00381,0.0163
human_ocr_ensembl,6,vertebrates,NHLH1,MA0048.3,2.661,0.0039,0.0166
human_ocr_ensembl,6,vertebrates,GBX2,MA0890.2,2.65,0.00403,0.017
human_ocr_ensembl,6,vertebrates,ZNF680,MA1729.2,2.643,0.0041,0.0173
human_ocr_ensembl,6,vertebrates,BATF::JUN,MA0462.3,2.628,0.00429,0.018
human_ocr_ensembl,6,vertebrates,RORA,MA0072.2,2.613,0.00448,0.0187
human_ocr_ensembl,6,vertebrates,EMX2,MA0886.2,2.605,0.0046,0.0191
human_ocr_ensembl,6,vertebrates,SOX18,MA1563.2,2.6,0.00466,0.0192
human_ocr_ensembl,6,vertebrates,FOXP3,MA0850.1,2.574,0.00502,0.0207
human_ocr_ensembl,6,vertebrates,Atf3,MA1988.2,2.548,0.00542,0.0222
human_ocr_ensembl,6,vertebrates,SOX9,MA0077.2,2.533,0.00566,0.0231
human_ocr_ensembl,6,vertebrates,HOXB4,MA1499.2,2.528,0.00574,0.0233
human_ocr_ensembl,6,vertebrates,FOXP4,MA2117.1,2.515,0.00595,0.024
human_ocr_ensembl,6,vertebrates,Ptf1A,MA1620.2,2.509,0.00605,0.0243
human_ocr_ensembl,6,vertebrates,THRA,MA1969.2,2.501,0.0062,0.0248
human_ocr_ensembl,6,vertebrates,FOXA2,MA0047.4,2.479,0.00659,0.0262
human_ocr_ensembl,6,vertebrates,MSC,MA0665.1,2.466,0.00684,0.0271
human_ocr_ensembl,6,vertebrates,CTCF,MA1930.2,2.452,0.00709,0.028
human_ocr_ensembl,6,vertebrates,DMRTA1,MA1707.2,2.428,0.0076,0.0298
human_ocr_ensembl,6,vertebrates,CEBPG,MA1636.2,2.422,0.00772,0.0302
human_ocr_ensembl,6,vertebrates,POU6F2,MA0793.2,2.387,0.0085,0.0331
human_ocr_ensembl,6,vertebrates,VAX2,MA0723.3,2.378,0.0087,0.0337
human_ocr_ensembl,6,vertebrates,RXRB,MA0855.1,2.375,0.00878,0.0339
human_ocr_ensembl,6,vertebrates,FOXS1,MA2118.1,2.357,0.00922,0.0354
human_ocr_ensembl,6,vertebrates,BARX2,MA1471.2,2.336,0.00974,0.0373
human_ocr_ensembl,6,vertebrates,LHX9,MA0701.3,2.328,0.00995,0.0377
human_ocr_ensembl,6,vertebrates,DLX1,MA0879.3,2.328,0.00995,0.0377
human_ocr_ensembl,6,vertebrates,ZNF16,MA1654.2,2.327,0.00997,0.0377
human_ocr_ensembl,6,vertebrates,SRY,MA0084.2,2.321,0.0102,0.0382
human_ocr_ensembl,6,vertebrates,RXRG,MA0856.1,2.317,0.0103,0.0384
human_ocr_ensembl,6,vertebrates,NFYC,MA1644.2,2.314,0.0103,0.0385
human_ocr_ensembl,6,vertebrates,SOX2,MA0143.5,2.307,0.0105,0.039
human_ocr_ensembl,6,vertebrates,ZFP42,MA1651.2,2.305,0.0106,0.0392
human_ocr_ensembl,6,vertebrates,ZNF24,MA1124.1,2.294,0.0109,0.0401
human_ocr_ensembl,6,vertebrates,Foxo1,MA0480.3,2.279,0.0113,0.0415
human_ocr_ensembl,6,vertebrates,Nkx3-1,MA0124.3,2.272,0.0115,0.0421
human_ocr_ensembl,6,vertebrates,FOXL1,MA0033.2,2.253,0.0121,0.0441
human_ocr_ensembl,6,vertebrates,FOXI1,MA0042.2,2.241,0.0125,0.0453
human_ocr_ensembl,6,vertebrates,TCF7L1,MA1421.1,2.225,0.013,0.047
human_ensembl_regulatory,5,vertebrates,ETS2,MA1484.2,4.911,4.52e-07,0.000397
human_ensembl_regulatory,5,vertebrates,ETV2,MA0762.2,4.514,3.17e-06,0.000984
human_ensembl_regulatory,5,vertebrates,E2F6,MA0471.3,4.448,4.33e-06,0.000984
human_ensembl_regulatory,5,vertebrates,Erg,MA0474.4,4.384,5.82e-06,0.000984
human_ensembl_regulatory,5,vertebrates,TFAP4::FLI1,MA1967.2,4.349,6.85e-06,0.000984
human_ensembl_regulatory,5,vertebrates,GABPA,MA0062.4,4.31,8.17e-06,0.000984
human_ensembl_regulatory,5,vertebrates,TFAP2C,MA0524.3,4.255,1.05e-05,0.000984
human_ensembl_regulatory,5,vertebrates,ETV1,MA0761.3,4.245,1.09e-05,0.000984
human_ensembl_regulatory,5,vertebrates,INSM1,MA0155.1,4.23,1.17e-05,0.000984
human_ensembl_regulatory,5,vertebrates,Stat5a::Stat5b,MA0519.2,4.229,1.17e-05,0.000984
human_ensembl_regulatory,5,vertebrates,ELF2,MA1483.3,4.205,1.3e-05,0.000984
human_ensembl_regulatory,5,vertebrates,Zbtb2,MA2340.1,4.199,1.34e-05,0.000984
human_ensembl_regulatory,5,vertebrates,EBF1,MA0154.5,4.174,1.49e-05,0.00101
human_ensembl_regulatory,5,vertebrates,IKZF1,MA1508.2,4.144,1.7e-05,0.00107
human_ensembl_regulatory,5,vertebrates,TFAP2B,MA0811.2,4.079,2.26e-05,0.00133
human_ensembl_regulatory,5,vertebrates,ZNF257,MA1710.2,4.023,2.88e-05,0.00149
human_ensembl_regulatory,5,vertebrates,ERF::NHLH1,MA1938.2,4.023,2.88e-05,0.00149
human_ensembl_regulatory,5,vertebrates,Stat4,MA0518.2,3.972,3.57e-05,0.00166
human_ensembl_regulatory,5,vertebrates,E2F7,MA0758.1,3.941,4.06e-05,0.00166
human_ensembl_regulatory,5,vertebrates,TFAP2A,MA0810.2,3.94,4.07e-05,0.00166
human_ensembl_regulatory,5,vertebrates,ETV5::FIGLA,MA1945.2,3.934,4.17e-05,0.00166
human_ensembl_regulatory,5,vertebrates,Ebf4,MA2122.1,3.927,4.31e-05,0.00166
human_ensembl_regulatory,5,vertebrates,ZBTB7A,MA0750.3,3.919,4.44e-05,0.00166
human_ensembl_regulatory,5,vertebrates,SP1,MA0079.5,3.914,4.54e-05,0.00166
human_ensembl_regulatory,5,vertebrates,ZNF175,MA2332.1,3.905,4.71e-05,0.00166
human_ensembl_regulatory,5,vertebrates,ZNF213,MA2121.1,3.864,5.57e-05,0.00188
human_ensembl_regulatory,5,vertebrates,TFDP1,MA1122.2,3.804,7.11e-05,0.00225
human_ensembl_regulatory,5,vertebrates,ZNF460,MA1596.1,3.798,7.29e-05,0.00225
human_ensembl_regulatory,5,vertebrates,Zfp809,MA2125.1,3.794,7.41e-05,0.00225
human_ensembl_regulatory,5,vertebrates,ELF1,MA0473.4,3.782,7.78e-05,0.00228
human_ensembl_regulatory,5,vertebrates,TFAP4::ETV1,MA1966.2,3.773,8.06e-05,0.00228
human_ensembl_regulatory,5,vertebrates,STAT1,MA0137.4,3.74,9.19e-05,0.00252
human_ensembl_regulatory,5,vertebrates,FOXJ2::ELF1,MA1952.2,3.699,0.000108,0.00279
human_ensembl_regulatory,5,vertebrates,ELF4,MA0641.1,3.698,0.000109,0.00279
human_ensembl_regulatory,5,vertebrates,ZBTB11,MA2329.1,3.693,0.000111,0.00279
human_ensembl_regulatory,5,vertebrates,ERF,MA0760.2,3.674,0.000119,0.00291
human_ensembl_regulatory,5,vertebrates,PATZ1,MA1961.2,3.663,0.000125,0.00296
human_ensembl_regulatory,5,vertebrates,TFAP2B,MA0813.1,3.635,0.000139,0.00301
human_ensembl_regulatory,5,vertebrates,NFATC3,MA0625.3,3.626,0.000144,0.00301
human_ensembl_regulatory,5,vertebrates,TFAP2A,MA0872.1,3.623,0.000146,0.00301
human_ensembl_regulatory,5,vertebrates,ZFP14,MA1972.1,3.62,0.000147,0.00301
human_ensembl_regulatory,5,vertebrates,FLI1,MA0475.3,3.62,0.000147,0.00301
human_ensembl_regulatory,5,vertebrates,ETV6,MA0645.2,3.62,0.000147,0.00301
human_ensembl_regulatory,5,vertebrates,ETS1,MA0098.4,3.607,0.000155,0.00309
human_ensembl_regulatory,5,vertebrates,ELF3,MA0640.3,3.592,0.000164,0.00321
human_ensembl_regulatory,5,vertebrates,TFAP2C,MA0815.1,3.551,0.000192,0.00367
human_ensembl_regulatory,5,vertebrates,Ikzf3,MA1992.2,3.539,0.000201,0.00376
human_ensembl_regulatory,5,vertebrates,ZNF416,MA1979.2,3.505,0.000228,0.00418
human_ensembl_regulatory,5,vertebrates,Ebf2,MA1604.2,3.494,0.000238,0.00427
human_ensembl_regulatory,5,vertebrates,ZNF528,MA1597.1,3.445,0.000285,0.00502
human_ensembl_regulatory,5,vertebrates,EBF3,MA1637.2,3.422,0.000311,0.00536
human_ensembl_regulatory,5,vertebrates,EHF,MA0598.4,3.382,0.00036,0.00602
human_ensembl_regulatory,5,vertebrates,PRDM9,MA1723.2,3.38,0.000363,0.00602
human_ensembl_regulatory,5,vertebrates,Stat5b,MA1625.2,3.368,0.000379,0.00617
human_ensembl_regulatory,5,vertebrates,ZFP57,MA1583.2,3.259,0.000559,0.00893
human_ensembl_regulatory,5,vertebrates,ETV2::FIGLA,MA1941.2,3.201,0.000685,0.0108
human_ensembl_regulatory,5,vertebrates,SP2,MA0516.3,3.085,0.00102,0.0157
human_ensembl_regulatory,5,vertebrates,ELK4,MA0076.3,3.067,0.00108,0.0162
human_ensembl_regulatory,5,vertebrates,EWSR1-FLI1,MA0149.1,3.065,0.00109,0.0162
human_ensembl_regulatory,5,vertebrates,ZNF680,MA1729.2,3.05,0.00114,0.0164
human_ensembl_regulatory,5,vertebrates,ELK3,MA0759.3,3.049,0.00115,0.0164
human_ensembl_regulatory,5,vertebrates,Prdm15,MA1616.2,3.047,0.00116,0.0164
human_ensembl_regulatory,5,vertebrates,ZNF148,MA1653.2,3.012,0.0013,0.0181
human_ensembl_regulatory,5,vertebrates,Stat5a,MA1624.2,3.002,0.00134,0.0184
human_ensembl_regulatory,5,vertebrates,Zfp335,MA2002.2,2.998,0.00136,0.0184
human_ensembl_regulatory,5,vertebrates,SPDEF,MA0686.2,2.986,0.00141,0.0188
human_ensembl_regulatory,5,vertebrates,ETV4,MA0764.4,2.973,0.00148,0.0193
human_ensembl_regulatory,5,vertebrates,CTCFL,MA1102.3,2.967,0.0015,0.0193
human_ensembl_regulatory,5,vertebrates,ZNF701,MA1987.2,2.964,0.00152,0.0193
human_ensembl_regulatory,5,vertebrates,ELK1,MA0028.3,2.938,0.00165,0.0207
human_ensembl_regulatory,5,vertebrates,ZNF281,MA1630.3,2.9,0.00187,0.023
human_ensembl_regulatory,5,vertebrates,CTCF,MA1929.2,2.897,0.00188,0.023
human_ensembl_regulatory,5,vertebrates,ERF::FIGLA,MA1934.2,2.875,0.00202,0.0243
human_ensembl_regulatory,5,vertebrates,KLF5,MA0599.1,2.87,0.00205,0.0244
human_ensembl_regulatory,5,vertebrates,ETV5,MA0765.4,2.862,0.00211,0.0247
human_ensembl_regulatory,5,vertebrates,E2F8,MA0865.3,2.826,0.00236,0.0273
human_ensembl_regulatory,5,vertebrates,THAP1,MA0597.3,2.821,0.00239,0.0273
human_ensembl_regulatory,5,vertebrates,Wt1,MA1627.2,2.802,0.00254,0.0286
human_ensembl_regulatory,5,vertebrates,STAT3,MA0144.3,2.79,0.00263,0.0293
human_ensembl_regulatory,5,vertebrates,ZNF454,MA1712.2,2.78,0.00272,0.0299
human_ensembl_regulatory,5,vertebrates,ZSCAN4,MA1155.1,2.76,0.00289,0.0311
human_ensembl_regulatory,5,vertebrates,FEV,MA0156.4,2.758,0.0029,0.0311
human_ensembl_regulatory,5,vertebrates,ZNF816,MA1719.2,2.754,0.00295,0.0311
human_ensembl_regulatory,5,vertebrates,KLF10,MA1511.2,2.751,0.00297,0.0311
human_ensembl_regulatory,5,vertebrates,SPIB,MA0081.3,2.74,0.00307,0.0318
human_ensembl_regulatory,5,vertebrates,ETV3,MA0763.2,2.731,0.00316,0.0323
human_ensembl_regulatory,5,vertebrates,ZNF530,MA1981.2,2.712,0.00334,0.0337
human_ensembl_regulatory,5,vertebrates,ZBTB24,MA2330.1,2.706,0.0034,0.034
human_ensembl_regulatory,5,vertebrates,KLF14,MA0740.2,2.683,0.00365,0.036
human_ensembl_regulatory,5,vertebrates,ZNF549,MA1728.2,2.679,0.00369,0.0361
human_ensembl_regulatory,5,vertebrates,Elf5,MA0136.4,2.624,0.00434,0.042
human_ensembl_regulatory,5,vertebrates,ETV2::FOXI1,MA1942.2,2.616,0.00445,0.0425
human_ensembl_regulatory,5,vertebrates,ZNF675,MA1714.2,2.577,0.00499,0.0471
human_ensembl_regulatory,5,vertebrates,Stat6,MA0520.2,2.573,0.00504,0.0471
drosophila_enhancers_stark,5,insects,dl,MA0022.1,6.831,4.22e-12,1.21e-09
drosophila_enhancers_stark,5,insects,dl,MA0023.1,5.574,1.25e-08,1.78e-06
drosophila_enhancers_stark,5,insects,Dif,MA2213.1,5.156,1.26e-07,1.04e-05
drosophila_enhancers_stark,5,insects,sqz,MA2108.1,5.13,1.45e-07,1.04e-05
drosophila_enhancers_stark,5,insects,hb,MA0049.1,4.945,3.8e-07,2.17e-05
drosophila_enhancers_stark,5,insects,rib,MA2267.1,4.575,2.38e-06,0.000114
drosophila_enhancers_stark,5,insects,Sox14,MA2274.1,4.336,7.25e-06,0.000296
drosophila_enhancers_stark,5,insects,FoxL1,MA2235.1,4.153,1.64e-05,0.000542
drosophila_enhancers_stark,5,insects,su(Hw),MA0533.1,4.144,1.71e-05,0.000542
drosophila_enhancers_stark,5,insects,Crg-1,MA2302.1,4.051,2.55e-05,0.00073
drosophila_enhancers_stark,5,insects,Kr,MA0452.3,3.836,6.24e-05,0.00162
drosophila_enhancers_stark,5,insects,phol,MA2261.1,3.71,0.000104,0.00247
drosophila_enhancers_stark,5,insects,ci,MA2207.1,3.421,0.000312,0.00678
drosophila_enhancers_stark,5,insects,D1,MA2306.1,3.404,0.000332,0.00678
drosophila_enhancers_stark,5,insects,Lim3,MA0195.2,3.34,0.000419,0.008
drosophila_enhancers_stark,5,insects,nub,MA0197.3,3.27,0.000537,0.0096
drosophila_enhancers_stark,5,insects,erm,MA2225.1,3.221,0.000639,0.0107
drosophila_enhancers_stark,5,insects,FoxP,MA2237.1,3.185,0.000725,0.0115
drosophila_enhancers_stark,5,insects,Hr38,MA2243.1,3.169,0.000765,0.0115
drosophila_enhancers_stark,5,insects,NK7.1,MA0196.1,3.115,0.000919,0.0128
drosophila_enhancers_stark,5,insects,E5,MA0189.2,3.11,0.000937,0.0128
drosophila_enhancers_stark,5,insects,Sox15,MA2275.1,3.089,0.00101,0.0131
drosophila_enhancers_stark,5,insects,Eip75B,MA2224.1,2.96,0.00154,0.0179
drosophila_enhancers_stark,5,insects,fd59A,MA2232.1,2.957,0.00155,0.0179
drosophila_enhancers_stark,5,insects,Dll,MA0187.1,2.949,0.00159,0.0179
drosophila_enhancers_stark,5,insects,bin,MA2197.1,2.942,0.00163,0.0179
drosophila_enhancers_stark,5,insects,Pph13,MA0200.2,2.845,0.00222,0.0226
drosophila_enhancers_stark,5,insects,CG9876,MA0184.2,2.839,0.00226,0.0226
drosophila_enhancers_stark,5,insects,D,MA0445.1,2.836,0.00229,0.0226
drosophila_enhancers_stark,5,insects,B-H1,MA0168.1,2.802,0.00254,0.0242
drosophila_enhancers_stark,5,insects,B-H2,MA0169.1,2.782,0.0027,0.0249
drosophila_enhancers_stark,5,insects,slp2,MA2272.1,2.772,0.00279,0.0249
drosophila_enhancers_stark,5,insects,ken,MA2249.1,2.758,0.0029,0.0252
drosophila_enhancers_stark,5,insects,br,MA0013.1,2.662,0.00388,0.0326
drosophila_enhancers_stark,5,insects,Rel,MA2264.1,2.648,0.00405,0.0326
drosophila_enhancers_stark,5,insects,slp1,MA0458.2,2.643,0.0041,0.0326
drosophila_enhancers_stark,5,insects,CG34031,MA0444.1,2.598,0.00469,0.0361
drosophila_enhancers_stark,5,insects,Dbx,MA0174.1,2.591,0.00479,0.0361
drosophila_enhancers_stark,5,insects,dve,MA0915.2,2.575,0.00501,0.0367
drosophila_enhancers_stark,5,insects,Elba1,MA1837.2,2.509,0.00606,0.0433
drosophila_enhancers_stark,5,insects,tup,MA0248.1,2.491,0.00637,0.0443
drosophila_enhancers_stark,5,insects,ara,MA0210.1,2.482,0.00652,0.0443
drosophila_enhancers_stark,5,insects,mirr,MA0233.1,2.475,0.00665,0.0443
drosophila_enhancers_stark,5,insects,Dr,MA0188.1,2.463,0.00688,0.0447
drosophila_enhancers_stark,5,insects,CG4328,MA0182.1,2.444,0.00727,0.0462
drosophila_enhancers_stark,5,insects,ems,MA0219.1,2.426,0.00764,0.0475
drosophila_enhancers_stark,5,insects,Gsc,MA0190.1,2.417,0.00783,0.0477
demo_coding_vs_intergenomic_seqs,5,vertebrates,MEF2A,MA0052.5,5.332,4.86e-08,4.27e-05
demo_coding_vs_intergenomic_seqs,5,vertebrates,Hmga1,MA2124.1,4.526,3.01e-06,0.00121
demo_coding_vs_intergenomic_seqs,5,vertebrates,ZFP42,MA1651.2,4.425,4.81e-06,0.00121
demo_coding_vs_intergenomic_seqs,5,vertebrates,FOXI1,MA0042.2,4.36,6.49e-06,0.00121
demo_coding_vs_intergenomic_seqs,5,vertebrates,MEF2C,MA0497.2,4.347,6.91e-06,0.00121
demo_coding_vs_intergenomic_seqs,5,vertebrates,MEF2B,MA0660.1,4.26,1.02e-05,0.00129
demo_coding_vs_intergenomic_seqs,5,vertebrates,MEF2D,MA0773.1,4.259,1.03e-05,0.00129
demo_coding_vs_intergenomic_seqs,5,vertebrates,ZNF384,MA1125.2,4.046,2.61e-05,0.00286
demo_coding_vs_intergenomic_seqs,5,vertebrates,ZNF418,MA1980.1,3.914,4.54e-05,0.00403
demo_coding_vs_intergenomic_seqs,5,vertebrates,FOXD1,MA0031.2,3.912,4.58e-05,0.00403
demo_coding_vs_intergenomic_seqs,5,vertebrates,FOXO4,MA0848.1,3.867,5.5e-05,0.0044
demo_coding_vs_intergenomic_seqs,5,vertebrates,ISX,MA0654.2,3.623,0.000146,0.00937
demo_coding_vs_intergenomic_seqs,5,vertebrates,NFATC4,MA1525.3,3.619,0.000148,0.00937
demo_coding_vs_intergenomic_seqs,5,vertebrates,Arid5a,MA0602.2,3.581,0.000171,0.00937
demo_coding_vs_intergenomic_seqs,5,vertebrates,HOXB13,MA0901.3,3.574,0.000175,0.00937
demo_coding_vs_intergenomic_seqs,5,vertebrates,TBP,MA0108.3,3.57,0.000178,0.00937
demo_coding_vs_intergenomic_seqs,5,vertebrates,Nfat5,MA0606.3,3.566,0.000181,0.00937
demo_coding_vs_intergenomic_seqs,5,vertebrates,Lhx4,MA0704.2,3.537,0.000203,0.0099
demo_coding_vs_intergenomic_seqs,5,vertebrates,Arid3b,MA0601.2,3.509,0.000225,0.0103
demo_coding_vs_intergenomic_seqs,5,vertebrates,VAX2,MA0723.3,3.479,0.000251,0.0103
demo_coding_vs_intergenomic_seqs,5,vertebrates,FOXA3,MA1683.2,3.472,0.000259,0.0103
demo_coding_vs_intergenomic_seqs,5,vertebrates,FOXK2,MA1103.3,3.46,0.000271,0.0103
demo_coding_vs_intergenomic_seqs,5,vertebrates,Yy1,MA0095.4,3.456,0.000274,0.0103
demo_coding_vs_intergenomic_seqs,5,vertebrates,FOXK1,MA0852.3,3.448,0.000282,0.0103
demo_coding_vs_intergenomic_seqs,5,vertebrates,FOXP4,MA2117.1,3.421,0.000312,0.011
demo_coding_vs_intergenomic_seqs,5,vertebrates,POU6F1,MA0628.2,3.389,0.000351,0.0119
demo_coding_vs_intergenomic_seqs,5,vertebrates,Foxo3,MA0157.4,3.307,0.000472,0.0154
demo_coding_vs_intergenomic_seqs,5,vertebrates,FOXO6,MA0849.1,3.28,0.000519,0.0161
demo_coding_vs_intergenomic_seqs,5,vertebrates,Foxo1,MA0480.3,3.274,0.00053,0.0161
demo_coding_vs_intergenomic_seqs,5,vertebrates,ZNF582,MA1983.2,3.243,0.000591,0.0173
demo_coding_vs_intergenomic_seqs,5,vertebrates,FOXS1,MA2118.1,3.224,0.000631,0.0179
demo_coding_vs_intergenomic_seqs,5,vertebrates,FOXP1,MA0481.4,3.209,0.000666,0.0183
demo_coding_vs_intergenomic_seqs,5,vertebrates,ZNF675,MA1714.2,3.17,0.000761,0.0203
demo_coding_vs_intergenomic_seqs,5,vertebrates,SATB1,MA1963.2,3.162,0.000784,0.0203
demo_coding_vs_intergenomic_seqs,5,vertebrates,RAX,MA0718.2,3.138,0.00085,0.0213
demo_coding_vs_intergenomic_seqs,5,vertebrates,Foxf1,MA1606.2,3.095,0.000986,0.0241
demo_coding_vs_intergenomic_seqs,5,vertebrates,ONECUT3,MA0757.2,3.083,0.00102,0.0243
demo_coding_vs_intergenomic_seqs,5,vertebrates,Dlx4,MA0881.2,3.055,0.00112,0.026
demo_coding_vs_intergenomic_seqs,5,vertebrates,DLX6,MA0882.2,3.045,0.00116,0.0262
demo_coding_vs_intergenomic_seqs,5,vertebrates,Nobox,MA0125.2,3.034,0.0012,0.0262
demo_coding_vs_intergenomic_seqs,5,vertebrates,LHX2,MA0700.3,3.028,0.00123,0.0262
demo_coding_vs_intergenomic_seqs,5,vertebrates,Prdm15,MA1616.2,3.023,0.00125,0.0262
demo_coding_vs_intergenomic_seqs,5,vertebrates,HOXB5,MA0904.3,3.008,0.00131,0.0268
demo_coding_vs_intergenomic_seqs,5,vertebrates,ELK4,MA0076.3,2.97,0.00149,0.0295
demo_coding_vs_intergenomic_seqs,5,vertebrates,ETV5::FOXO1,MA1947.2,2.961,0.00153,0.0295
demo_coding_vs_intergenomic_seqs,5,vertebrates,Stat6,MA0520.2,2.958,0.00155,0.0295
demo_coding_vs_intergenomic_seqs,5,vertebrates,Dlx3,MA0880.2,2.952,0.00158,0.0295
demo_coding_vs_intergenomic_seqs,5,vertebrates,SOX15,MA1152.2,2.939,0.00164,0.0301
demo_coding_vs_intergenomic_seqs,5,vertebrates,Gata3,MA0037.5,2.933,0.00168,0.0301
demo_coding_vs_intergenomic_seqs,5,vertebrates,FOXP2,MA0593.2,2.867,0.00207,0.0357
demo_coding_vs_intergenomic_seqs,5,vertebrates,EMX2,MA0886.2,2.862,0.00211,0.0357
demo_coding_vs_intergenomic_seqs,5,vertebrates,TRPS1,MA1970.2,2.861,0.00211,0.0357
demo_coding_vs_intergenomic_seqs,5,vertebrates,HOXD11,MA0908.2,2.842,0.00224,0.0372
demo_coding_vs_intergenomic_seqs,5,vertebrates,FOXA2,MA0047.4,2.815,0.00244,0.0397
demo_coding_vs_intergenomic_seqs,5,vertebrates,ETV7,MA1708.2,2.771,0.00279,0.0444
demo_coding_vs_intergenomic_seqs,5,vertebrates,GATA4,MA0482.3,2.767,0.00283,0.0444
demo_coding_vs_intergenomic_seqs,5,vertebrates,HNF1A,MA0046.3,2.758,0.00291,0.0447
demo_coding_vs_intergenomic_seqs,5,vertebrates,ZNF354A,MA1978.2,2.753,0.00295,0.0447
demo_coding_vs_intergenomic_seqs,5,vertebrates,Shox2,MA0720.2,2.744,0.00303,0.0449
demo_coding_vs_intergenomic_seqs,5,vertebrates,HOXC8,MA1505.2,2.741,0.00306,0.0449
demo_coding_vs_intergenomic_seqs,5,vertebrates,FOXP3,MA0850.1,2.734,0.00313,0.0451
demo_coding_vs_intergenomic_seqs,5,vertebrates,NKX6-1,MA0674.2,2.71,0.00336,0.0477
demo_human_or_worm,4,vertebrates,IRF6,MA1509.1,4.396,5.5e-06,0.00301
demo_human_or_worm,4,vertebrates,IRF9,MA0653.1,4.349,6.85e-06,0.00301
