sequence,label
GGGGCGGGGCCGATGAAAGCGTTGACCCCACATATCGTTAGTACTCTTGTACCCTATGATTGTGTAGAAACCGAACTACGGTACCTCCTGTTGGTAGTCACGATAGATTATAAAAGTATGTTCCCACCCTATCGACGAGACTGGCATCCT,1
ATAGTTCTCTGACCTTTCCCTTGGGATTCGTCTTCCCAGGACCATAATGCGCGAGACCCATATAGGGGCGGGGCCCCGCCACGCCAACCGTTCTTTGGCGTGATTCCCGCCCGATCATCCGAGTAGAGAATTTAATCTGTATATTCGCAA,1
TTTAGCATTTTAGCGGCTTAAGCCATAGATCGTGCAACAAGAACTCCCCTCGAGATTCTATGATTTACTTGGGGGCGGGGCATGCGTGTTATGGATGCATCGCCACCTCTGACCTTACGACGCGCTGTCGTGGGATGGTGGACATGAAGT,1
ATGGGGCGGGGCTACGGTACGAAGCGATTAACACACGTCTGCGCTGAGCTAAGGAGTAAGGCGAACCACAGACGAACCTAGCGTCGAGAGAAGCATGTAAGTATCGAGTGTTCGTGGGGATGAACCGCATGCTACGCGGCGGGTGCGGGT,1
AGAAGGTTAAGGTTGACGCCAACTATGGCCGGCGAATTCACTAATCTTGCCGATTCCCAATGCGTTGCTTCTTGATTGAAGTCGGAGCGGGGGCGGGGCACTAGCTACAGGTTCTCACGGTGCAGGCCCCACTAATGTGCGTATCCCTCG,1
TATTACGAACGGGATTATCTATCTTCGCTGGAGGGGCGGGGCGTCAGAGAGTGGAGGCGCAGTATCCTTTATGACTCGTCGTGTGCATTACTAACATCGGTACGCTTCCTTAGACGAGACTGCCTTTGTGTAACATGGTGCATAATTATA,1
AGGGCGATTATGCTGTAATTGTCTACTGTAAAATAAGTAAGAAGAAGAGATTATTTGTCGCTTCATGCCTCGGGGCGGGGCCGTATCCCTTCCTCACAGTATTGCAAAGCTTATGAAAAGTCCAGCCTATTAGTCAGGGCTTCCGGTATT,1
GATATGCTCTCGATTTGTGCACAACTTCGAAAAATGAGCGTGGCAGTCGGCTTTGGTATCGCCAATAGGGGGTGTCCAGCTTTATATAACCTCAAGGACATGGCAGCGCGTGACCGAGGGTCATTGGGGCGGGGCCTCTATTCCGAAGTT,1
GTGCGCTGGTCCAAAGGGTATAAGCACTGAGTCGGACTAGGCTTGTACGTTATACGATTCAGTATGATGAACGACATCATTTCTGAGTTGCTTGTTCCCCCTATTAGACTCAGGTACCGTACGGGGCGGGGCGGACGATTGCTGTAGGGA,1
GCAGACCGGGGGGGGCGGGGCCAGGTCCCGTAACTCCCAACTACAGGACATCCCCTAAGCGTAACATTCGCTAAATGCGACTTGCAGTCCTAATTAGGCCGCGCGCCGAGGTACAAATTCGACCTGGTATCTGACCGTCTCGCCACGCGT,1
TGAAGAATCCGGGTTATCTGCACTTAGAAAATGCGGAGACACGATCGCATCCCGTTTCCCCAAGCGTCACTGCATTGCACAGGGGGCGGGGCCCACTACTATCCAGTTGGTAGCAGCCTAGCTGCTCTTAGTCGGGATTTTCTGTTTTAG,1
TGTTGTTTCCAAAGGGTGAAAGGACAGGATCCGGGAGGGCCTTGCCCCTACCCCAAGTCCGAGATGGCGAAGAGTCTTCCCGAGAGAATGCGCGTACAAATGGGGGCGGGGCTGCGGCCCGGCTTGTCGTGTTATACAGCACTCTGTTTA,1
TGGCGGAGGCGGTTCCCGGGGGGTCCGATCTGTCTTATCCCCGAGCTCCAATGCATCGGAGTACATTGCTGCCTCCGACGGGTTATGGAGTGAAACTACTCTTTATCGGTATCGCCGACGACCCCGGGGCGGGGCCCGAACCGAGCCGAC,1
CAGTGTTTCCACTGGTGGCTGGGTTAAGCCTTAATCAAGCGAAAATCCCCGGGATCTCCGAATAGCTGCATTCATAACGATTTTCACGAAAGCAATGTTCTGGACATAGGTAGGCAACGCCCGTTTCTGGGGCGGGGCAGATTCCTCACA,1
CACCAGCCTATCTCTCATTGGACGAACCTTAAATGCATTCGACTGATTCTATCCGGTTTGGTGCGCTCATCCGCGCCGACCTGGATAACCGTGTGAAACTTCTGACATCTGGGGCGGGGCACCATTTCCAGGCTTGTGCCTTGTCTTTCT,1
AACGATGAGGGGGGCGGGGCCGTCAAGAGCAGTCAAGTAGACAGGGTTCATAAGGAGAAGTATTGTTTTAGGGAACAATACCTAAGATGAGCTCACCGTTCAACACTAGCAGTCATCGCTGGTAGGAGATTAGCGCGTAGACGCGAAGCG,1
TATAATCAAGGCTAGAGTTGGGATCGGCAGCAATTAAAGGACAGCGGCAAGCCGCGGGGGCGGGGCCCTGGTTAGGGAACTTGCCCGGATACCTGATCCTAGCGCGCCTCGATGTGTGCTCTTGGCTACTTTCGTGCGCAGACAGAGAGC,1
TCAAGATGCGCCGATCACTCCGGCTGGCCTGGCGCAGGGGCGGGGCGACCTGTGCTGATCTCACCAGCAAGTTTGCACTTAACCTAATTTTCGTAGTCTTTGGTAATGAGGTTTTCGCAGCCTTCGAGTACGCACCAACAGGATGCATGA,1
ATTCTTCGGGTATCACAAAAGAACCGACAATACTTCAAATCTTAGAGCTACGTTCCCATCGAGTTGACCCCGGGGCGGGGCACTAGCGCTATCCGATACTGCGTTCCGCAAGGCCAGGAGCGGCCAAATTGCGCCGGTGCCGCTCGCAGT,1
GAATCTTAATGCAATGAATACCCTTAGGAGTGGCGTCAAGTCCATCAGCATTCAGCCCCAGGAGCGTCTTCCCTAGCTCTAGACTCGAGGGGCGGGGCTTTCGTCCGGTTCGACTGCAAGCAACTAAAAAGTAACCGGTTACTACGAAGC,1
GTCATCGTGCACGCCTGTGGGTTTACGGCAGGGGGCGGGGCCGAAAGGTACTGTACAGCCGTGGTCAAAGGAGTGAAGCGCTTCCCCTTGACCCGACCGCAACGAGATACACAAACTATAGGACGCAGTCCGAATGCGTGGTAACGTTGG,1
TGTCAGAGGACCCTCTGCGGTGAACTGCTATATTAGATACCCCAAGACGGTAAGTGGACTGATGATAAAGCGGCACGAGTATGAGTACGCAACATAATCGTGTGAACTCCCATTTTCTCCTTTGACTACTGGATGGGGCGGGGCAAAAGG,1
GCTATACTCGCGACCGTGGACTTCTGACAGGATTTATTAAATAGTAACGGTGTATAAACAATCAACATTATAGAAAGCCACAGCGCGGTAACGTTCATGTACGATGGCTTATGTCTTACATGCACGGAAAGTGGGGCGGGGCTAAGGTGC,1
ACGGAAGTATGGGTAGTTCGAGCGCCGAGTTCTGTGTATCAAGGCCCCACTTTCTGACAGAACACGTCGGCCACTTTGTTACAAGGGCGTAGAGTACAAGGGGCGGGGCTCTCTACTGGTCGTTCAGTGTCCGCGATAGCGCGATTAAAG,1
CTGAACTTCAAAGCCCGATTTCACAGCCACTGATCATATTTCAAATGGGCTACCGGACCTTAGGGGAAATAATTGGTCGTCGGATGCAAGTACCCCTACCTCGTGTATCAGGATGCGCGGAGTACAGCAAAAGCATAAGGGGGCGGGGCG,1
GCATTGTCAGACTTCGCCCAGGCCAGAGGAATCTTTGCGCCGCATACGGGCACTTTTACCGACACACAGTACTACGGCATTCATATTGCATAACTCAAAGGAAGGGGCGGGGCTGATAACCGATTAGTCCCACGCAAAACTCGACCACCA,1
CCCCCGCTTGTAGATATGGCTCATTATGACGTCGTTTAATTCTATTGCTCAAGTATCGTCCCTATTTGGAAAACCACTCTACAGTGTACTATGTGAAACAATCTCTGGAGGCTCCGCTGCGGGGGCGGGGCTTCCATCCTTAGATTCCTG,1
TACGGACAAGGCTTAACACTCCGATGTGCCATCTAAAAATCGAGAGGACTCCTCTGAATCTAAAGATACGTGATTAGAACGCCCGTACACACATATCTATCCGCAAGGCAGAGAAGACCACTATTCGGGGCGGGGCTAGACCTGTTCGCT,1
CACATTGGCAACCAGCAGCTGGCTAGGGGCGGGGCCGCCGGTGATCTCGTGACGTACGTCACTAGAGACGTTACTCTTACTGCCTAGATTGGCCCTCTAATGCGATTTTCCTCAGCCGGTGCCTCGCTACGTTAGCACGCCTGGTCTTGT,1
GACCACGCAAAAGAGGACTCCACGCTGCTGCCTTGTCCTTTCTTAACTCATGCCTGGGTTTTCGGAGCCATCCAGGCTAGCGCGGCGCAGTATCTGTTGGAGGCGGATTATGTTATGGGGCGGGGCGTACGGGGTAGCTTCGGGCAAACC,1
TTACATTAGAGGAGCTTGGATTAGGGTCGGGGCGGGGCTTCTCACGATCGATACGCCGCTATGTCCCTATAGGAGTTAATTCGCAGCTATATTTCTCCGTGCCAGCGGGATCCTCAATTTACGAGAATACACAAGAAGATCTACACAGAC,1
CGCGCTTTACGTGAGTTACGACCAACCAACTCGGATATCTCAAAACTGGAAGCCTTAAGGGGCGGGGCATTATGTAGTAAATGTACGCCGGTCTTTGCAGGCCCCCATTGTTTAATCTCGCAGAAATAAATTAAGACTGCAGGTCGTCTT,1
GATGGGGCCGCCACAGTGGCGACCACTCAGTCACACGTAGACCTCCAACGCTGAACCTCTACTCGACGGTCTAGAGGATTGTCTCGTCTAATTGGGGCGGGGCTATGACAGAATGTCAAGCGTTCCATCCAACTCTCTGACCATCCCTCG,1
CCCGAGTGCTTGGTTTCCTAGACTGTAGTGCGTATCTGAGGAACCGTCTGTCGTCCGTACGGGGGCGGGGCATGCTACATACCGGTGGCCTATCAGAGATGCGGATTCACCGGTGAACATTGAATCGAACCCGCAAGCGGTGGCGTGGAT,1
GTTACTTGCATGGGGGCGCGACATCGGCTGCCGGTGCACCTGGTGAACCCTAACTCGACTCAGGACATTCATGCTCGGGCGTGTCGATTATATGCGTAGGCAAATGAGACAACGAACTTCGCAAGCGGGGGCGGGGCGTGGACGTAGGTT,1
GTGCGGGGCGGGGCTAGAGGGATTCAACACCGCGGCCCCCTACTGTTACTTCGGAACAATTCAGCTCTTCACGATGATGCCACACAAGCGCCCGTGGCACCACTGGGTGAGCCGTACTAAGGCATATTTTTGATTCGAATGTGGATGCAA,1
GGGCCGAACGACAACACATACGTGTGCCAAGCAGCCGTAGTTTAACTCTCCGTCCACCGTCCGTCCGGTTCCGTGTTTTGTATCGACCGAGATAGCCCACACGGTGGGGCGGGGCAGGTTCACCGTGTCGCTGCGACCGTCATTGAGGGT,1
CGAGGGTGCTTAAGCCCGTGATCAACTTGGCACACCCCGCAAACGTTAGTAGAGGGGCGGGGCGCTTAATGGGGTATGCCTTAGTAATCGTATCCAGTTGACGAGAGTCAAATATTTGACTGGTATCCGTATGTATCTAAATTGGGTGGC,1
CCACTGTGGGTAGACCCCGGAGTTTCATCGAATGAATATGGCAAACCCCCTACTACCGGATATGAATCGCCGGTCAAGCGGACCTTCATCGATGTGCGGGGCGGGGCTACAAAGTCGTACGGGTGTCCCCGAGTGCGTTGGTTCTCGTAT,1
TCATCGCCTGATACATTTAGGGCTTGATGAGCACTAGTCACAACACCCCGCCTATCTACGATATTGCGGGAGTATTTCCCTATTGACTGAGTGGAGCAACCTGGGGCGGGGCGAGTAATCATTACTAAGTTTATGTACACGGGCCCATTA,1
TCCGATACGATAAGGTGTATATGGGTTTCTTGATGGCTTAGCGCCCCACTAAGAGATAAAGTAGACGTCGATGAGAGTTCGGTGACACGTAAGGGGCGGGGCCATTGACCCGGGTCGTTTTTCTGAACCACCGGTGCGGGCGTGCCGCGT,1
TTAAATATTCAGTGGGAGAACGAAGGTGTGCTAAGTAACCTACGTCCGTGTCTTCTCCTTGATAGCCTATACGTGGCCCCAGTATCTAATTAGCCGGGGCGGGGCAATGGCCACGCATTAACTTAGGACGACATACCCCGTTACCAACTG,1
ACACCATGTCCCAAGTTCGACTATCAAGGACGCATGTACGGCACAACAGGGGTGGGGTAGGAAAATTAACTCATTTAGGTTTTAGTGAGCTCGCAAAAGGGGCGGGGCTGTAATCTCAAGAATTAGGCGACAATAACCGGTACTCTAATT,1
AATAGGTTGGGGAGGCACCAAAACCACTGTATGGTTGGGAGATTCCGTCTAATGCGCTTGCAGGCGCGGGGGGCGGGGCGCCCTAAGTGCACGCCAAAATCGTCGAATAGCTTCATACGGGGCATGAAAGCCTTGAACGTATACGATGCT,1
GCAGCACTTAGTCAAAGGAGTCTAAGCGTACCCGTGATCGAAAACTAGCCCCTATACTACCATAGAGGCTATGAGTTTGGACGGGGCGGGGCGTGGTATAGAGGGCCTTTGCTTCAGCATGTATGTTGCTGTTCCAATGATGAGAGTATG,1
TTGGACTAATGTCGTGTAACTAAGGCAAATGTGGGACTCTTAAAGGCAGTTTCCTGCATGCTTGCAACTCACTTGTGGCGGGGCGGGGCGTGTACTTGATATGGTCTGAACGTTTGTGAGAGTGTTATTTAGTTGCCTGCGAGCCGCGCT,1
AAAGGGAAAATCCGTCGCAGCATATTCGCTTGGAAGGGGTGCTCCGCTGAGATATTTACTGGCGATGCCGGCCTTATCAGGGCATGGCTAATAACTGTCATGGTACGGGGGCGGGGCACTCTGGTATCCCACGTTGAATATATCGCCGCT,1
GGCATGATTTCTAATTTCTCCGGTCTTCCAATTCCGAGCATAAATCGAAGTAACGTGGATGCCTCATGGGGGCGGGGCGCGCCCTGCACAAACTCGTGAATCAGAATCTACGTATGTTCGACAGCAGGCCTAATCCCAGCCCGGGTAAGG,1
ATTCAGAGTACGCTGGTATACGGCATCGTGGGGGCGGGGCATTCTGCGAACTTTTTGCCAATTCCTGGATGCGAGGCGGCGATTGACAAAGCTGGGACGCCATGCGGGCTACATACTTCGACAACATTCCTCGTGGAGACACCCCCCGAT,1
TGTGGCCCATCTGCAGCGTACCGTACCCGTACACAATATACATCCAGTTTGGACAATGGTCATTGAATCCCGTTCTGCGGGGCGGGGCGTCCTGGTGCGCGTAGCTCCATATGTTAAACGATCAGGCGCATCGAGACCACTTTGAGATGC,1
GCGGGACCGTGTATTGAACCGCCTAAGACCCAGCTCCACCAGCCCTGCGGATGCAAGACCGGTTCACTGCGACGATCTTCCATGTGGAGTGTTCCAACGAGCAGGCGGTCCGGCTCCCCAATCGTAGCTGGGGGCGGGGCGCCTGCGCTA,1
AACACCCTTAGATTTTTCTTTTACGAGGTGTACGATCGGTCTTTTTCTGCTGTAGCGGCAAGCTTTGACGAGTGGAGCAGGATAGTGGAGAATAGCACGTCAATGTGCCTCACATGGCGGGGCGGGGCAAGAGGAACGAAGGCCGTCTCG,1
CGCATGCAGCAGGTGGGGCGGGGCGCTATTTACCCGCTCGCTGAAATGAGTCGCACCCTTGGACTGAGTGTTAAGCTTAATATAGGGATTGCCGGTGATCTAACTGCGCGGTAGGTTTTTTCTGTGTGGTGGTAACACCTGCTGTCTAGA,1
GCATACCCCCCGGGGCGGGGCTACGAACTAGCAACCCTCTTCTTTAGCGAGGGTACCCTGAAATTAGGCTATAGTCCCTCTTCCGGAGTATCGTCTGTGTAGCGTTCAGGTGGAGGCATGTGTAGTTTACAAGATCACGCATACCAAAAC,1
TAGACGGGGCAGTAATCACGGAGCTTTGACGGAGCATCCGACGAACGCCAAGACTGGCATGGAAATACAAGCTTATGGCTCCTACAGCTAGGAGTCTCGATGCCCTAAATAGTGCCCAGGGGCGGGGCCACTGGTTCCATCCATAGGAGG,1
TATCATGGGGGCGGGGCTATGTTTCGCAGCGTCCCTGGTGCCAGAAGGTCGCAAATGCCAGACTCATCTAGGGCTTGTGTCTTCTAAGCGCCATGCCCCGCGCTACATTATCTCCAGCCTCACAATCAATTTACTGTGTCGCGCTCCTCA,1
GACGCCGGGCCCAGAATAAGGTGAGAAGCTCACCTCCCCCGCACCAGTTAACGAGACCATGAGGGTATAACAACGTCTTTGTAACACAGAAATCCCAATTCAGTCGTAGGCTTATGAGGGGCGGGGCAGGGTCGCTGCACCCCGCGCGCA,1
TAAGCCTGAGCAGCTTCGAGGCTAAGCTAAGATCCGAGCTAGTATACGATGGGTTAGCGTGAATACTTTTATACTCGGTGGAAGGAGTATTTAGGGGCGGGGCTAAGTCGGAGACTGGCGCAACGCGTAGGGCGAAGGTTACAAAAACAT,1
AAAGATTCGGACCTTTGGGTGGCTTTAGTCCCCGGGGGCCTGGAGATAGGGGGCGGGGCCCTAATTTTTGCACTTGGCCTCCATCTGTGTACATCGTCGAACTAGTAAGGATTCAGATTCTTCATACCAGCACTCGCCGACGTGTGATAG,1
TGGTATAGGCTCTATGTTCAGAAGTTTCATGTGCACCGGGGCGGGGCAGCCCTCGTCTCGGGAACATACCTAGAAGTCTGTCGTATACTGTGTTACTGACGTAGCAATACATTATCATCGTCTCAGCCCTAGTGACGACGCATACACAAA,1
CAGTACTAGGGTACAGTATCGTTTCCAGCGGAAGGGGCGGGGCTCACTTTACAGAAGCACATACCCCGATCCGTGGACCGAGCATATCGGTCAAAATAACGTATTGTGGCAAGAAGGGTTAAATCGTCAACCTCAGCCACCCATTTTAAA,1
GTTACGTACCAATCGGCTGCGAGTCTCAAAAGAATATTACTGACTGGAATGCAATGACAGAGATTACGTGAATTATGAACTGTATTGAGGATGGGGGGCGGGGCTGACCTCTACCCAGTCCGTGATGACCTAACTGCACTTGGAGTTCAG,1
ACCCATGATCTTCGGGGGCGGGGCTGAAATGTCTCAGACCAATACGCGGTATGCCAGCCAATGGAATGGAACACAATTATTACGGGCTAGAACTCCTGTTAGTAGTATTTAAGGGGGTTTCTTGTCACGAGACGTAGAATCTGTCATAAT,1
GGGGCGGGGCTTACCCAAAGAGCGAGACAAGAATGGAAGTTTCTTGGAGGCTAACGTTTCGGCAAGTTTACCTCTCCAGCGGTCTGTATTGGTCTATCTTCACGAACATTCGCTCTAACTGCGCAGCTGGCTTTGCCGTCATTTGAATAA,1
AGATTCGGCTGCCGGCACCCGAGTAATGAGACGTCCGTGGTGGTGAGGACTGCACTTCGCTATCGGCAGAGCAGTAAATCCTCACGCAGGGTAAACATGAGAGGTGGCCCTTATTGATGGCCAACGGGGGCGGGGCGTCTGTGGTATTGT,1
GAGCTGCCCCGCTTACCTCTTGGGGCGGGGCATTTGCACGGGATGCGTGACAAAGGTGTACGTCAGAGATCTCTGTCTCGAGCCACTGGTCGAGACGTGTAAAGTTCCATGATACCAGATGGAAATGTTAGGGGCGATTATATGATGAGC,1
ACTTCCTCGCCTGTTTTGTGATGAGTCTGGTGATCGACGGAAGCACAGGGACCAACAAAGAGTGGTAATCAAGAATACGCTGATCCTGAATGTAAACATTGGGGCGGGGCATAACGCAGAGATCAAGGTAAATATTAATCGGAGAGTCGG,1
TTGGTTGGGTTGGGGCGGGGCCCGTGGCTATAATGGGATCACTTCCGACCCTGCTTCAGTTCTAGACGACACTAACAATATCGATGACTCGACTAAACGAACATTTATTGAGTAAGCTTCAGTCTTCCCTCACATTTCGCCTCGTCCTGG,1
GATGTCTACAGGCCAAGGGGTTTAAGAGATGGATTGCACCTTGAGGTGTTTATGAGGTCACAATTCAAACGTAGTGAAGGGGGGCGGGGCGCTCCGGCGGTTGAGAATTAAAGGCCTTCTTGTGGGTACCAGCACTCTGGGGAAAGCCAG,1
CGGTGGTTTATGGGAAATGGCATACCTTGATGGACAAAGAAATCTGGCCAACTAAATTAGCCGCTGAGCGAACCGTAGTCGCGCTATTCGATCGGCCACCCTGAAGCGGCGCGAGGTGCATCGGGCCGGGGGGGGCGGGGCCCGGCCGTC,1
CGGCGAAATGTTGACATACGTATATAAGGGGCGGGGCCGGGACACGGTCCCAGCCAAGTGAACATCTAAAAGGTGAGAGGGCTAAGTCAAGGTCCTTAGCGTCGTGAGTCCCTTGATAACAGGATCATGTTGGAAGAAACCAGTACCACA,1
AAACGTCATAAGACACCTCTGAATCTGGCGGTCATATCGTGTCGACACCCGACTGCAAGAGATTACGTAATTATCGGACAGGCATAGTCATACTATTTTGCTCTGGGGCGGGGCACACTTGGCAGTTGGGTGAAGTGGGTATCCCGACAC,1
GAGTATCAGGTGGGGGCGGGGCAGGTCTATGCCCTCGCTTTATTGGCTGGAACGTCGTTCATATCGCCTCACGATCTCTTTACAATCGTCGGAGACGATTGCTTATACCACATCCCGCGGGCTGAACTGATACGACTCAGCACTCACACC,1
CAAGTTACAGCTTGTCAACGCTCGTCGAACTAGAGGCGGTACGGGGCGGGGCTGGGAAAGTGGTTGGCAGTGATCCCCACTTTTAGCCTTCACAGGGGTTAAAATTGGCTAATCCCGGGTGCCGGAATGTACTCTGGCTGGCCAAAGTAA,1
AAGTCGAGGTATTCCGTAGTCGCTTCACCAAATTTAGATCCGTTCCATACGAGCCTCGCACGCCCAAGCAGAGCCTTTGCTTACGTCTTCTAAAACGGTTATCCACTTTCGGGGTAACAGCAGCCACGGGGGACGGGGGCGGGGCTCGCT,1
GTGCCGTGAATGCCTTACGTAAGAGGCCTAGTAGATAATCTGCCATCTTAGTTCCATTTATTCAATGCGATGCCGGGGCGGGGCATCTACCGATGGAATGCAACTTGTGTTGGCGGTGCTCGGAGAACTGCCACCATTGTCCAAATTCCA,1
TATTAGTTGTAGTTATAATGGAGATTTTAGGATCTCAAGAGCCAAGTTCGCGTACAAATAACTCCAGGAGGGGCGGGGCACTCTGCCGCGCCAGCTGTCCGCTAATAAATCAGTGTTAATGATGCCGGCGACAAGCCGGTATCACGGGAC,1
GGAACTATAGACTCTCGCCAGCCTGGACCTCGACGAGCTGCCAGCGGACATGCAGTATCAATTAGATGGAGGGGCGGGGCTGTTTGTGTCTTACTCGTGCTTTGTTCGGGATAGTCCAAATTAGTGTTCATCGGCGTACTTTAAACAGAT,1
CTCATAGGGGAGTTAGGGACGGACTGCGGGGGCGGGGCAGGTAGGTAGATATCAGGTCAGCTTGGGGGCTTCGGTGTAAATCAGGTTCTGGGTGAAGCCGTTATTCTCCCGGCGCGCACTTGTGCGATGACGACCTGTAGCCATTTGAAG,1
GGACTGATTCAGGAAGGGGCGGGGCATGTATCGGTCCAATGGACACGTAGAGACTTACTGACCCGTCTATTGCCACGAGAGGGATGCTCGGACCTCGCAAGGCTGTAATTACAGTACCCTGAGTCAAATGCTGCGGTTGTGCGAAGCTCT,1
CGGTCAATTAGATAACTTAGTGGGACTTGCTATCTAAGCGCCGGATCGATTTCCACAACACCCGGTCCGGGTGCCTGACATCAGGTCTAGGTGACGCCGGGGGCGGGGCGGGCCCGGGCGTGAACTCACGTGGGTTGTACGGTTTTGTGT,1
TGCCATCGAGAGCTGACCCCGTATACGCGCGCGCGAGGTGAACGCCCTGATTTGATAATGTAGGACGCATATCTCTCACCAAGGGGCGGGGCCTACTGGGATCTATAGGCTACCGTCTTCTGGCCTTGCAACCAGTGGATCTTTTTGTGT,1
AACCGGTCGCCTCCCCTCTAATCTAGCTAGAAAGCAGCCCGGGGCGGGGCGATAGTTTTCCCAGTGCGCCTCTCATGTTGACCCACGACATATATTTCGCGATATCGACTTTGACAAAGAAGTCTCTCCAGCGGATTAGTTATAGTCTAC,1
CGTTCCAGCTGGTCGGAATATCCGGAGTTCTTCCACTACTGGATTGTAGTGGTCCCGTCAAACTCACACATTATTTCATCTGGGGCGGGGCACTATCGCACTTCAGGCGACCACCGCCGGTCGCGGCGTTATTTTGTAGCCGGTGGCGAT,1
TCCTCGCGGAGGAGAGCGGAGAATTAGTCTAAGTATTTCGACGCGTAACGTGTCGCCCGGTGGGGCGGGGCTCATCAAAAAGAAGCGGGGGCGTGGCGGTTGTAAACTCACTTGAGGGATAAGATATGGCGTTCATCGCTCGCACATAGG,1
TGGCGGTTCGGGGCGGGGCGAACTAACCGTGACCTCCATAAAACGTCAGAAACCTACTGTTGTGCTAACAGGCGAAGCTGACTCGCTCTGTGGCAAAATGACTTGTCTTCACCATACTTCTTGAATTGATGCGGGTCCTGGGTCACTTTG,1
TGCGCAGTTAGCTCGCTTGCGTATTGTGTGGTGCTTGCTGCGGAGCTCTTATGTGCATCGTAACCACCTAGCTTTATCATGATCTTGCAACAGCATGGGGAAATGTTACCTCGGGGCGGGGCACCTTTTGTACCGTTTAGAAGAGTAGAC,1
GCAAAAGGGACTACCTGGGGCGGGGCGAGCTAGGCGACGACCATATCCACTCCAATGACAGGAGAGTTTCTATCTCGATCCAATCCACGGCGATTAGAATAACCAGGCTCAAGGAGGTGCACAGGGACGTTACGTTCGCTCATACCCGCT,1
TTTCACTCGACGCTGATACATCTTGCCCGCATTGGCAAGCGGCCTGTTACATTCACCTATCTCCAAATGTTATCCGCCATAGTAACTAGGCATAACGTATACTCTTTCTTCGCTGAATTGCCAAGCCCAATTAGGGGCGGGGCAAGAATC,1
TGGATAGATCCGCATTTCCCGTCAGTCATCATGAAATGCAATTAGGTTGTCATCCAGCTATCATGCGGGAAAGGAAATATCTACGTCAGTAAAAAATTAGGCTAAATTGCACGAAACATTATTCGAGCGGGGGCGGGGCGTCGCTCCTTA,1
ATATGGGGCGGGGCGACCTTCGGACCAATTAGCACGGATGTGTATATACCAGAAAAGACCCTGACCGAGGTTCGCGGGCACGTCGGGTTGATCGTCCGCCTTTGTTTGCTCGAGCATACAGGCCGGATAGCACTGACCATTCGAGCCGCA,1
TACCGCGCATTACCTTTATTCCTAGCTGCATACTCACCGTTCCATTGGGGGCGGGGCCGACGCTAAGAGAATGAGCTCAACCGGACTTCGACTCAAGACCACACGTTGTGCATACAGGCGAGTTATTAAGCCAAAGATAACCCAACTGGG,1
GACCCAGCATGTTTATCTGCGTGTTCGGAAAAGACTGATTGGCAACTGATTATACCTCCAAGGTACTCTCAAGCACACTGTAATGCCTACACGATAAGTCGAGTCGAGCCAGGACGGGGCGGGGCTAGGATTTCAATAATTGATGCCCAA,1
ATAGGGGCGGGGCTTGACAGATTTATTGCCCAGAACGGAGTCCGTTGCATCACTTCGTCGGCTACCCACAATGCATTCCGGACTTTTCTATTGATAGTACCGGAGTGACAGGGTCAGCGCCCTCGTAAACTGCCAGTTTGGACCTGAGGG,1
CAAAAGCAGGTCACCATTCGACCGGGGCGGGGCAGAAACCCATCCAAAAGCTTTAACCGCGCGGTCGCAAGAGGTGCAGAAGGAGACGGACGCTGAAGACCAAATAGTTCATATAAAGTGGGACGGCGATTCCAATGAGATGAGCCTTCT,1
GCATACTTCGTTTGGTGGAGATGCATACATTTACAGGGGCGGGGCGAATCTGGACCGTGTCTGACGTGCAGAATTATGTTGAATAGTGGTTGGGCAGTAGACCACGCACCAGGGCGCGTCATTGCTCTCGCACAGTCCCAAACCCATTAA,1
TACGCCACGATACCCCCAGGTGTCTATTGTTGAAATGACTTCCTCATAGGGGGCGGGGCCCAGAGATTCGTGGCTACTGTTCGTGCTTTCCAAGGATTCCATTTGCTAAGCATGCGCCGTTCGTAGCTCTCACGGGATGAACCACGTGTC,1
GGACAAGCCGGGAGAGAAACTAAGTATACCGAATCGTCTACGAAGCGCACATTATATTATCCCTCAAACTGCAGTGCGTGGTCATCACCGAAATCCGTGTCGGGCCTGGGGCGGGGCGTCAGGTACACACTTTACGATATCCGAATAACA,1
GGATCCTACGATAGATTGAGCACGCCCATGCATGATGGTCGGACCGGAGCTGGGGCGGGGCCGGACCTTTGAGACTTTTTTACAATTTAGCACGCAGGATGGTGGGGGCACGGGTAATAGGTGCCCCACCTCTGTTGTCTAAAGGCTAGA,1
TTAACTTGAGGGCCTACTAGAGAGTGAATGTACGTGCAGACCCTGCAGAACCGCGGGGGCGGGGCGTGCGAGCCAGTGAGAAGGTAATTACCCGATCACTATACGCAACTCGCACACACTCCTTTCTAGTGGACAATCCTGATGATGTTG,1
TTGTATCTCTCGACACCTCGCGTAATGAATCTCAGGGGCGGGGCAGCGTACGAAAGAATGCGGCCAATAAAAAACAATGTGCAACGTGGAAACTCAACTCGGGGCAGAGTAACGTTTGAGCGTTCTCCACAGTCGAACAGTCGTGTGTTT,1
TTTGAAATCTGTGGGTGACCGCTATATGCTGAACCGAATCAGGAAGGTGATTCGGGAACGACCTAGAAATTGTCGTGACGACCGAGGGTAATAAATTACTGCGATAGGACATGACTGGGGCCGCAGGCAGACCCAGGGGCGGGGCGCTTT,1
ATTGAAACCTTTCTCGTACCGGGTCGCTTTACGTAGATCACTCCAATAACTCAGCCTATTGGGGCGGGGCTATACGCCCCGCACTTTCACCGTCTCCGGCATATAGCCTCCTCGACGCTCACCCCACTCTTGCCGGGAGTCACGACTCAG,1
AGTAGGCCTTGTGAGCGCCAGGGGGGCGGGGCGACCACAGTCACGTTCTGCCAGCCCCTAACCACGTGGTTGCTGAGCTCGACCCTTAGATGGTTCCACGTCTTCCGTTCCCCCTTTGACCCAGCTCCCTTCCCCCACGCAACCGAGCTG,1
AGACTCGGATAATACGTCCTACGAGTGGGGCGGGGCAATAATAGGTGGTCGCTCCTACCGGGTCAATGTATCGCCCGTATAGTCAACTGTCCCACTACGTTAAGGAAGCGGAGGCCTGCGTACTGCTGTGCTTAGCAACAAACCAAACAG,1
GTTCTGCCTAGTAGAAACTTCTGTGAAGCAATCTCTAATCTTGCCAAAATACATGTAGTGTTGGTCCTGTTTTACAGTTCGTCTTGTAGCGAGGGGCGGGGCGACCAGTAATGGAGCCTCCCCTTAATGTTAACGTGGTGCTTCAGAACC,1
TCCAACCCTAGTTTACTCTGTCTGTGCCCACATCTTTAGCTACCTCTGGTCATTTGGTGGCCGAGCAACCGACTACCGGATAGAACAGGTATTATCCCGCGACTGCCTAGTCGACATTGGGGCGGGGCCGACGGCTTTTGGGATGCAACC,1
CAGGGGGCGGGGCGTAGTAAATCTATGGCTTGCTCCGCGGAATATGGTCTACACATTTCACACGTACAGTATATGGACTTGTCTACTCGTGCAGAATAGCCATTGGATGAGCGACATACAGAACATCGACGTGGCCTTCCGGTCTCTGGA,1
CGAGTACTGGCAGGTGTTGAAATCCGAAGCGTTCGGGGGCGGGGCCCTAGCATCCGGTGAAAAGTAGGAGGTAAGGCCTTAGAATGGGCCGGTGTGGCGCACAGAAGTGCCATTATCGTGTCGGAACTACAGTGATATTTTACGCATGAG,1
CGTCCTACACTATAGTCTGGGGCGGGGCACTTCGTGAAGCCTAAGCTTCCCTGTGCAGTACGCCCTAGGAAGGAAAAACAGGCCCAAAGGGTCGACACACACTCTGCGGTCTAACTTTAATTGTGCTAGCGAGCTGGTAATTCCTCTTTT,1
AAATAGCGCCATAAATCCCGCCCAGGGATATATTTTTACCACGCCTTCTCGGCCTTACTTCTAAACGATGATCCCACTCGGGTTCGCGTGTCGTGTCCGGGGCGGGGCGTGGAACGCAGATCGCACGATCGTGCAAAAATTGACTGTCAG,1
CAGAAGTATTACGCTAGAGCGAAGTTATTCAGAGATAGGCATCTTGACGGCTGGCGTAGTGCTCGTCTTCGTGTACGCCGATTCGACGTCACGAGGGGCGGGGCCGATATGTACTAGTTCAGCTCAAAAGTCACTCGACTGTCCAACGCT,1
ACACCAGGGGCCCGAGCCAGGACTGCAACCCGACGTGCTTGCAAACGGGGGATAAGAATTTGGCCTTTAGTCCGGGACGCTGCTTGAATGGGGGCGGGGCCCCAGCGTAAATAGCATGGTCCACAGAGCTGTATTTGACCATAGCGAGAT,1
TGTGTGGGGACGGTTTATATAACCGCGTTGAATTCATCGTCTGTAATGGGAGCCTATAACGCATGTGCTCAATATCTCATGCTCCCCCCGAAGTGTAGGTGCATGAGAGCTCAATCATGCTTGGAAGGGGGCGGGGCTCAGGACTTTAGG,1
CAATCACTAAAAGGCACGAGAATCCACCTGTAACAGGCAGGTTACGGGGCGGGGCGGACGCTATCCTCGCATCGTCTAGGCGTGAATATAAGTCATTAATATCGCCCGCTGCGGAGCATGCACCAAGTAATTGGGGTCAATGTTGAATAT,1
TCTAAATCTTTCAGATATTCTGATGGCCTGGACTTAGGGGGATCAATACAGCCTTCGTCTAACCCTAAAAGGGACACTGTGTATGACTGGCATCGCCTTCCGGAAGTTATTGGGTATAAAATGAGGGGCGGGGCTTATTGCTGCTATACC,1
CCAGTATTGAGACATCTCGTTACCTAATGCTTCGCCGGGCCATATCGTCGCATTCTGGGGCGGGGCGTCTCGGTGTGACGACTTCGGACAAATGGATCGGATTGATATGGTTCATTCTTGTGGCGATAATGCACTGCGACCTGAGTGTGC,1
ACGACTCGACTAGAAGACGGCCCGAGGTGGACTAGGGAGTTGTCGTGACAAACAAGGGGCGGGGCGTTTCGACGACAAACTACAACCCCTTAACGGCTATATATACACTCACATGCAGAACGATCCATTGGATAAATCGTTCCGCTCTTG,1
ACACCAGCTGCAATTGTGTGGCTGCTATTTGTTTTTCCTCTGTGCCGTCTTCCAGGAGAATCCGCGGATGTTAGCGTCGATCTTCCTGGGTATGGGGCGGGGCGATGTGAACAGGGCGTAACGGGACATCTCGCATAGAGTGTGTAAGGG,1
TCAGGCCAATGTCGGAAATTACATCCTCTTTGCACCTATTACGGTTCCGAATCGCTGGCAACGGGGCGGGGCCCCGGAGACTTGAGCCCGACGAGTCGGATACAGCGCCACACGACCGCCGGACTAGTATGTTTGGCTGGCGGGCACACA,1
GCAACGGAAACCTACCCTCTTGAAGACAGGGGCGGGGCGCTATACGGAGATAGTCGGCCATATTTCCACATTGCGGATGATTTAGCATACGTTTACGCTCCCTTGGATCTCACGTGTATGGTAAGTAAGGTATATAATTGTCCATCTAAC,1
GCATCACCGCAGAGGAAAGCCTCGAAACCTTGTCGTAGATCTTCCTCCTCGAGCGTACTGGCATATTTGATTACTCCGATACATCTGTAGGGAAAGAGACTACTCAACGGGGCGGGGCTGTTGCTGAGCTCATTTGCGAAGTTTGCTAAC,1
GAATCGGCCGACCGGAAGCACTGACTTATTGCCACTCCTTGAGCTTGACTGTCTTCCAATGCAGTGACGGTTTTGTGAGCCGCTGCTCCATACGCCTTCTATTGCTATGTTTGGGGCGGGGCCCGTCGTACAGAACACGGATTGTGCGCT,1
AACCCCGTCCGTATGCCGTGTGGCTTCATGCCAATACACTGGTCTGATGCTGCCGGGGAAATGGGGAAGACTCCCGGCTAGATCACTGGGGCGGGGCCAGACCTGTGTATTCACTGAACCGTCCCAATTCCGGATGGGATGCAGTCACTT,1
GGCTCGGGGGCGGGGCCCAGGATGCTCTAAGTCGGTAGCGTTCCCATGCGTAACTGCCAGGACTCCATGTGCCAAGCCCACGTTACATAAATCAGCGACACAAGGCACTTTAACTCAACGACGTTCACTGCTGCTTGTATATGTCGCAAG,1
GACATGCGGTCACAGGAATCTGATATGGGGCGGGGCGAGTAAGTATGCTATAGATTCTCGAGCTCCATTGTGAGCAACGGTACGGAGGGACGGCAGAGGACTCAGCGAGCATTGGGTAAACAACGAGACTGTCGCCCTTATCTATTGTCT,1
GCCTATGCTCGCACTTGAGGGGGCGGGGCCGTCTAAAACACGTCAGGGGGCACGACGATAAATGTAATCCTCCATACCACGCAAACTAATGGAGGAGTACCGGTCATCGGGCAGACGACTAGAGGAATACTGTCAGATGTGAGGTTCGGC,1
CTCGTACGTCGTGTCAACTCGCTCGGTTCGCATCCAGTCAGTGCCTTGGGGCGGGGCAAAGACTTATTCCACGCAACGTTGGAAGTCTACTGATTAGTAGGAATAGTGGCATGCTCCAGGGTTCGCTATAGCAGTATATTCACCATGGTT,1
CTTCAATAATTCCGGCGCAAAAGTGTATTCTATACTTACACATGCGCACCGCGTCAAAAGCAGGGGAACCTGTATGGCGAGGTAGATCTGTCCTGTTAAGGGGCGGGGCTGGTTACACTGGGGCGCTTGTTAATTTAGCCGCGCGGTTCC,1
CAAGGAAAAGGGGGCGGGGCGCCGTGTATGGGCGCATATTAAAAGTACCTAGAATGATAGTTTGCCCGTGAACCTAGCTCCATCTATACGAAGCAACACATTTCAAGCGATGTCCCCGTCTGTGTTAATTGGCGTCAGACAGTACATTTG,1
TCGTGACTATATAGTGTATGATACGGGTGAGGCCCACTTAGTCCATGAGGGGGGGCGGGGCATTTTGCCCGTGATCTAACTGGAGCTCAACATAGGACCCCCAAGGTTGTGTGATCCGCCCCGATGTCTCTTGATTACTTTAAGCCTTTG,1
TCCCAAGCTGGGGCGGGGCACCCGGAGATGAATACCGTCACCTCACGACCTATACAGGGGGGAAAGTTCGTTTCGAAGCATTGGGGGAGCGGTCTAGATGTGACTCTGTCGACTGGCTCACGCAAAAAATCCACGTGGTTCTCATGGTCC,1
CGCGCCCTGAATAGGCTGTCACGCTTAGACGCCAGCCGACGTGAGCTCCGAGCCGGGGGGCGGGGCAGGCCGTTAACATCCGGCTGATCATGTGCTTGGCGGGGAACATAGTTCTGGTCATCGGAATTACGACCTTTCATCGGAACATAA,1
CCAACATGATTAATGACTTAGTTAGGGGCGGGGCAGTAAGAGCAATTCGATCTACCCCGTCTCATGATTGTAATCACAGTTTGCCCGTAAGTATTATCTGTCACGTAGGCCGAAAATGCCTACTGTAAGCTCTCGTCGGCGGTGCAAAAA,1
TCGGTACACACTATGTACTGCGTACCGCTTCCACCCTCCCCACTGACCGTATTGAAGCTAGTACATTCGGTTTCTGAATCCTGTTAGGCGTACCTAACCAGCGGGGCGGGGCATGCGTGGATATTGAGTTGAATACTTTGACCTATGACA,1
CCAATTTAGAAATGTGGGGCGGGGCTGCAGGGGGGGAGTGGCCCAACATCGGGCGGAACTGCTCTCACTCATAACGCGTCTCCGAGGTTCAGACAGTATAAGGCGGCACCTTGCCCGCTTTCTGACAAAATTGCAGTATGGGCGTTGTGA,1
TGCCAACACAGGACCTATGAAGGGCGGTTAGACAGAGCGAAATCCTCCGGTTCCGTCGTCCGTTTGCTGGGGGCGGGGCGTCGCTACACGTGGCATCCGGCACTCGGACGAAATACTTCGGGACCTATGTGTGCTAGCGCCTAAGCCGAT,1
GCTGACAGGCTGACCGTGAATAGGAACATTTTCTGACACAAATGAACTTCGCAACGGTCCAGCTAAGGTCCGGAGGGGGCGGGGCTGCGATAGAACCGACGTTACTGCAGCTCCCGTAAACCGCTGCGGCGTCTACTTGGTCTACGTAGT,1
GAAGTGGGATACGAGCCTTTCTCGGGGCGGGGCTGGTCTTTGCACGTCGTTAGCCCTCAGATCCGTATGTAATATCCACGCATTACACAACACCCGAGATCCTCTCAATATTGGTGACCTCGTGACTGATTTGCATGACAATAGTCGAAT,1
TATAATCCTTCACTCAAAATTCAGGGGGCGGGGCGATGTTCCCTGTCAGCATGATGATCGCCAGGAGTCTCTAATCTTACTCGAAGTTGTGCTGTTACCACGGGTCGGGCTACCGTTCCTTACATATGTGGTGCATCCATAATCCTAGCC,1
AACAGTGACCGCTATAATACATCAATGATAGGGCAACGACAGATTACCTCTCTTCGGGACTGGGAGTATTCAATGCGGCAAGTACACCCCGAATACGGTCCAGTGGGGCGGGGCTATCGCTATGGCAATCTGCGAGGGTAGCAGAAAAGT,1
AGGAGGAAGTCGAATTATGCCAGCTGCGGAAACATGTCGTTGGGACCAACTCGGATATAATAACTCCCCAGAGCAACATTCAATTCCAGCCGCGACAGCTAAGGAGAGCAATTAATGGTTGACACTTCATGTATAGGGGCGGGGCGGCTT,1
CACCACTACGACCATGTTAGCTCATAAGTAGGAGTTCCGTGGCCCCTTGGGGCGGGGCCCTCCGGCCTACGACGATCACTCCGGAACAGGTGCTTCATTACTTGTCCTCAGCGATTTTGAGAAAGTCAAGAGTTGATCGACTCAGAGGCT,1
AATAAGAGGAATCTATTTTTCCGAACGCTTACGATCGACGGGGCTTAATATATTCAATTAATCACCAACGAACCAATAGGGGCGGGGCACAGCGTCTCCATGTTACTTGATATGGGTCATCATTTGCACGTTCTTTAAATGGCTCGTTCA,1
CTTGCCAGGTCGAATTGGGGGGGCGGGGCAGGGGTAGCCCCCGAAGCCGTCAGTGAAAGTACTACTGTACGTTCCATCAACGAATCGTACCGTATAAGGTGGACGTATACCCGGTTTTTGCTGCGTTACCGATCCATGGACGCATAGTTT,1
ACAATGCATCGCCTACTTAAACTAATGGGGAGGTATATCTAAAGCGAACATGCGTTTGACGACAGGGGCGGGGCGAAGGGCAAGGTAACGTTTGACAATTAGCCTAGCGCAACGCAGGGGACCATATTAGAATCGTACAGAATTGCCAAA,1
CTGTTGGCTCACCGTCAATCCATGGTCAGGTGAATAGGATATAAGGTGGCTTACCCTTAGGGGGATTCGGCAGTAGCTAAACTTACCTGCGGGGCGGGGCGGACAGCTCGGATGAGTAGACGTTAGGCACGAAAGCTCCCCTCCGTACAT,1
ACTAGACCGACCGCCTTGACTCGCGGCGGAGAACGGAGGCGCTCCAGGTAAGGTGTCGGTCGCCTTTCCGCGCGAGGGCCCTCAAAGAGGGCTTGGAAAACATATCGAGGGGGGCGGGGCAGTTCATGCTTAGCCTCTAACATGAACTCC,1
GATATGGTATTTCGGCCAAGGTGAGGGAACTACCCGGGGCGGGGCACCAGAGATGATATGGAATGTAGATTGTTGGGCCATGCTCTGGCTCAAGTAAGGGCGAATGTTTAGAACATCACAGTAAACGCCTGCTCGCAGATAGGTAGGATG,1
CCATTAATGTGGCGGAGGTGCCGAGTTGAGGGTGGGGGCGGGGCTTCCTTTACAAGGTCTTCTAGCTGGCTCTTGAGCCGGAGCCTGACGAATCCAAAGTACTCCGCTTTTCCCCTGGTGCGTCTTTTCCCAATGTTTGCAGGCCCTACA,1
GGTGTTTGCGGTGTTGGTACGTGCGCAGGTATGTAAGAGTGGTAAACGACGTGGTCAAATTAGGAATACGAATCTAGCCCTAAACCGCAACGCCTCAAATTCGCTCTAATCGAGTTGTCCCTGAACATGTTGAGTGGCCTTATAAGGTCC,0
TAACAGGGAAGAGTGTTACCCAATTCTATACGGAGCTTTCGCGTGCGTTAAGCTCGGCAGTAGATGCGCACCGGTACATAAGATCATGCTACGAAAGCTAAAACTGGCACCCTTCCTCTTGGTCCCGATAACACATGGCAAAAATGCAGT,0
GGCCGTCGCTGTACCGGAGCTGATCGAGCGCAACAGATCGAGTAACACAGTTAGCTTAGAGATGGAAGCTCCCAGCCTTCTCTGAGCCCCGACGTCTCCGAGGTGGGATCCTTGTGGCTCTCGGCGACCTGATCAAGCTACGCGCTCTGA,0
ACCTACACTCTTGATACAGCCGAACCGAAAGGCTTCCTCTAAAAGGACACGTGTCATTACAAGCTAGTAACATTGATCTAACAACTAGAACCCCAGTGGCAAATGTTGTCGGGGATTTGTTGTGGGGCTTCTACACCCTTAACCAACCCC,0
ACGTATGTGGGCGCCTTGTATGTTGCTCTCTTCGTATAAACTGCCGTGGCATCTCGTCTAATTTTCGCAACACAGTACTCTTTGACAGCGTCATCTTGCGCGACACCAGAACGTGATATGACTTTTTCACGACAGCGTAACGATTGGCGT,0
ATTCAAACACCTCTGAGACTCAACAAGCGCGTAACCCGCACAGATATGAGGTGATGCTAACTCTTCCTGTAACTGGCCCCGAGAAAGTCCTGGTAGAGTCCCGTACACAGGAGAGGACCTTCATCGCTGCCAGGGCCTATATATCAGATC,0
ACTCACAATAGCTGCGTCCAGGCGCCACGTATCAACGCCCCCGAGCAAATGGGCGTTGTGTAACACATCTTCAATGGCTCCAATGACGACAAACCACATGCAATAGCTAAATCGGAACAGCTTCAGCCAGGTTCGAACCGATTTGGCATA,0
GACAACCAGTAGACGGATATGTCTTGTGCCAAACTGCTAGAGTCACTTTCCGCCTGCCTCTGTTGATCTGCGTGGATTTTCGTCTGTCCGTCATACCGGTCCCCACGTTTACTGACCCCAGCAAGAATTGTAAGAGTTCTCCCACTGTGT,0
GATACATGGACACACCGCGAAAAAGACTGCTTGCTTGATGGCGGATCGCTGGCATTTGGGCTTTAGTTGGTCCCCACTTTCGTCAATGACCATTACGCGGATGCTTCATGCGCCTCTCTTATTTAGGATTCGTTGTATTGACGCCACATA,0
CGAGTTAGCGGGAAAAACGGCCCCAGCTCGTCAATATCGTCTGAATGCCCTATTTCGTCTTCGGATACTCACCGTTTCGATCGGTGGCAGAGGGTTTAATACACTCTTTAGGCGTGCTATTCATATTCTTTGACCCTAGGCAGCGGACGT,0
TTGGAACCACAAACGTCTTGCTGGACTGTCATAGATCTTAATAACCGTATGGCAATCCCAGGAGTAACATCCGCTTGATTGGGAACTACAGCAATATGCCCACTCAATTAAGGCGAGAGTACCGTACAGAAGCTTTGAGGATGTCCTGAT,0
CTCCTAGTTGAGTGCCCACGAGAGTATTTTTTGCAGGGGCCAAGATGAATGCGCACGACCGAACCCTACCATATGAAGAGTAGCTTCCGCAGTAATATTTTGACGCGATCGAAGTGGGTCGACAAGCGAGTTGGGGGTCGCGCTACTCTA,0
ACAACGCCCTCGGGATTGTACGTGGGGCGTTAATGTAGTCTATGTATGTACTTAATAAGTTCCAATCTTTCTCCATCAACGACAGTCTAGGACCAGTGGGATGACCGGTGCAATATGATTGCAGACATATCTGTTGTTGTTAATGGAGGA,0
TTTAGTCAGAAGATGACGCACGAGATTTCCTGGAGGCGGATTCCACATTATGGTAGGTCCTTGAAGGACCATTGCTTTAGGCTGAAATATGATCGGTTGTATGATATGGAGGAAGAATCGGTGGGAGGCTTAGGGGACTCGCCTCCCAAA,0
GGCGTCAGATTGTTTCAGACTTCTGGACCGTCCTCTAATATTCTTTTTGGGACAAGGCTACTACACATAGATGTTCTTTGAGTTTGTCGCCGTATCGCGTTGTTAGCTCATCAGGGATCCGCATTATAACACTGTCATCTGGTGCAATTC,0
GCTGTAGGATGCTTGCTGTGGCATTTTTTGGGATGCTTACCAAGATCGACAGTCAGTATTGCCACAACATACTGAAACTGCCCGCCCGGGGCGTTACAGACCTCACCAGCGGCAGTACCCCCTCACTGGCTACCCCATTGGGGGGACAAA,0
ATATGTAATGGTAAGAATTCTCTTACCGTTAACCAGAGAAGGGTTGTGGGCAGTTTCATAACCACCGTCAACCATACCGACTCCAGTCGATTGGGAATTCCCGGGACTAGTCATTCCCGGCTGTAAAGCAATGGTGTCTCGAGAGTTCTA,0
TCTTCTAGGAGGATGCGTAAACGATAAGGGTGGGATCTACTAACACTCCAGAATCTTCTGCTGACATGGGAGGAAGTTCGCAAAATAATACGGAAATGCTTTCCGCAAGCGGCTCACTCAATTAACGGTTGATCGCCATTTACCCCTTCC,0
AATAGGCGAGTTTATAGTAAAATAGAGGGTGGAGTTTGCGGCGAGCGAGTATTATCCATGCCATCGTCTGTAATCCTTACCGCATAAGTCTGAAAAGTAGCCTTCTGCCAATGGCAACCCTGGTAAATTGAAATGGCAGAGCGTGTATAA,0
TCAGCACTTTCTCCGATAAGTACACCCGTAGTCTAGGCCCATGCGCTGTCGAAATTCCGGTACCTTCTCACCAAGATGAACCTACTGAGAAAAATCGACAAGATGTACTATCCCCAACTCGAGTCGGCGGACAACGCCCCGAGTACGCCC,0
TGAACCTGCGAAACGCTGTCACAGACGCTCCAGCTACGACCAGTGTGATACATCTTAGGAAGGAGAAAAAACAACGAACGAATCGGGTGCCAACGAAGACTTCACAACCCTTACGAATGGTATGTCCAATCACTGGGAGCTCCTTCCTGC,0
CTGGGGTGTAATGTTCTCCCTGCTACCCCTACACATGAACAAACGGCGCCTACGCATAGTGGACCTATCTCCATCGTAACTGACAAAGGGGGGTCGGTTATAGGATAATAAAACGGTAGACCTGTCACAGAGGTAGGCCTTAAGCGAATC,0
TGTGAAACCGCGTTACGGCGAGATTCTCGCCTAACCTTGATCTGTTAGTCCCAACGCCTAGGAGTGTCGATTCCAGCTTTTTGTGGTATGTCCATCGCAGGACGCGATCATTTAGACTGGAGAGTCACCCGTTCCTGGATTTGGATATTT,0
CTACTTTACAGAAGAGCTCGGGGGAAGAGCTGGCGCCCGCTCGCGTGGTTGACTGCCATTAACCGCACAAAAAAACTCGTTGGACTCCGACGTTTTGCCCCCTGCGGCTCGTTCGCACTCAACCAGACATTACAGAAAAGTCCTCTCTCC,0
ATTCTCGGTGCAAGAATGCTGGGATGTGCCGTCGCGTCACCGTCTCAGATGGGCGACGGTCTTAACCCCTCTGACGTCTATAAAGACTAGACGTGCAAAATAATAGAAACTTAGTTAGCCGGCGTATCCTGAACGAAGGTCATCCGTAGT,0
GGGTGCTCCGCGCCACGAATTCGACTCATGCCCGGCCGCCGAACGCTCCATTACGAGGTTGCTAGCCCGGTCTACTGTTTAAACAAGCATTAGGTAAAATCTTACTTCAAGCTCAATTAAGAGATACATCTCATTGCATGTTCCCCGGAC,0
CCTGAACCTCACTCGTAGTCGGAGCTCTCCACATTAACTATGGTCGGGGAGTCCGGGTGGACCATTATACTTCGTACCGTGCATTGCGACTAGAAGACTGAAGACTGTCCTCGGCGCCATTCGCCATCCAATGTCCAGCTTCAAACCGAA,0
TTCGCGTTAGTCCACAGCATACAAGGGACGCGAGCATTCACGACACCATGTAGCTATAGTGAACATAACGAACTAGCTCAAGCCCTCCTGGGCTTGCGAACGATCAATCAACCCTAGCGTGATTCACCGAGAGCCCACAGGGCACCCAAC,0
ATTTCTCGAATATCAATGGCCCGAATTAGGGTGATTAGTGACCGGCGCTATAGCGGTACCGTACCGACAGGTTCACCTAGAATCGTTGCCGCTTATACACGCGCCAAATACTTATCCGCAGTGGCAGCCGATTCTGCAAAACAGAATGAA,0
ACCTCTAAGTCGGTGTTCACTTCCGGGAAAACTGGTCTCTTGTGAACGTGAAGCTAGCGTTTGGTCCTGGCTGGCATCAACATGCTAACCGACAAACTGTACAGAGCCTCAGAGCTACTTCGGGACAGGGCCTTTGTCCTAATGGTCAAG,0
TCCAAAGGTAATTAAGCCCTATTGCTGAATCTACGACCTATTGGGTATAGATGCTCGTAGTACCAGAGGCTGCCATTTTTCTCTTCTGAGCTGTCACTCCTGCCTCCCCGTAAAAGCCGTAGGTTAGCGAAATGTACACGAACGCGCCTA,0
TGAAAACGGATGATAGATCAACTAATATCTATAGCCTCACCAGTCCCCACATATGCCCGCTACGCGCGCCTGTCGTCTAGGCTTTAGATGCATATTTGATTCAACTAACCACATTGGTAAACATCTCAGTAGCGAGGAGATAGGGGGTAT,0
CATGATTCATGCCCCGCTATCACCGGTGAAACCCCGCATTTATCGTGTGGCGGTCACATTCGTGGAACTACCTTATTCGAGCAGTTCTAATGGCCAATCTGGATTAGCAAAAAAGGTCGTGTCTAGGTCCGAACTTCATTGGCTTGATGT,0
GTCCCGGCACGGGGCATCTGTTCAACACCAGCATTCAACTCCTTGGTTCTACATATCCTCCGTCCATGTAAACGAAGACACTTTGCTGGCATTAAAATCGATTTGAAACGTCGAATATCGGGCGTGTCCGGCCCCCTCTTAGGGCAGAAC,0
GCTGACAGCAGATGCGCTACAGGCTGAGGTACGGGTGGCCACACAAGTATGAATGTTCCCGGCGGCCCTCCTCGGATGACATCTAGCCGATGGCCAGCCAAATGTATGGTTGCTAGCGAAGACCAGGGCTTACAACCATTGTACAAACGT,0
CCTAGTTTGTCAACTCCACCGCAATACATACCGGTTAATTTTCAGTCGTTATGAAGCCTTCCCGTCCTGGCACCTGTGATATGAACGTTATCTCGGGAAGTTCTTTCGAGGTACTTCCGGTCGTCTCTGCACAATTTCTCGTATTGCATC,0
ACTATTGGACGTGGGATGACTCTAATACATTGGGTAACTAAGGAGTGTTACGCTGGGGCATGGGGTACCCACCTAAAGCTCAGAGATGATCAGTGATCCCCTGGCCACATCTGCAGTGTCATTAAGGCTAAGTGATCCCGCGAAAAGAAT,0
ACTTGACTTAGGCGAATACTATAGCCCCGTCCATCCTTGCTTCTGGCTGCTTAGTTGGCAACTTGATATCGGATGTTCTCTACATGACTAGCGTAACGTGACGAAAGGAATGCCGGACTTAGACAAAGCTCACGTTTAGAAGATTGTATG,0
ATTTAGTGCATGTAATCTTTGCACTTTTCATGACCGACTTTAGAACTATGCGTATTTACAAGATTTTCCGGAAGCTGCCGCTCAACAGACAGCACACATTGGGGGAATAAGGCCTCGATTATCTGGCCCATTTCAGACTAGCTCGCTAAG,0
GTTAATATGAAGTAACTAAGTTTATGCCATGTCGTCGGTGCGCTTCGTCGCTCGGGTATCTGAGTGAATACTCTGAGGGATAACCATAATCCGAACCGACTACTGATGTCACCCTTTTTGACCGTTACCTAAGCGTGATGTCCCAACCAT,0
ACATTGCCCGTTCGACAGACACAAAACAATATCAACATTGAGATACGATTATATAATGCCGCCTGCACCATGTAGTAGTAAAGTGGCCATAAAACACTCAGTCCGCGAAACGTGCGCCCTATGGTTCACCCGTGACCGTCAATACGGCCG,0
CTGGCTCTGTCACCCCAGAACCTCACCATGACTGCAGCACCAGGTGAAATCTAGCCTTGTGGCGGACCGGATCCAGCAGCATTAGTCAGAGACCGATGGGATGTTAGGTCCGCGTTCGCAGTGATATAAACCCTCCTAGCGAGAGTTGTA,0
ACGGTCGTTGCGTGCATCGGCTCCCCGCATCAGCCACAATCCTACAGTTAGAGAGAGCGTTGGTTATCCTAGAGTCTCAATAATGAGAGTGAATTCATAGTGAGTTCGTGTCCCAGTCTACTCTTCCAATCCCGCCTTGTGCGGGTAGAA,0
GGCCCTTCCATATATGTCGAGGCCTACTTGAGCCTGCACAGAATATACCATAGCCCGCGATAGTACAACAGCTACCGGTACTACTGAACGGGGGTCCGTATGCACGCGTGCCGGTTGTTCGAATCTGCAAACCCTCTTGGTTAAGTAGTC,0
AGTAAACACTGGTCCGTCATTATACCAATGCCACAAACTCTTCCCTAATCCGTGTGGCTCGACAGCCCCAATGTTCAGTATATCGCAATGATCTACCGGTGCCTAACCCTCACTAAGAAACAAGCCTTGGTTATGGAGCGAGCCGAACTC,0
TAATATATAGTGTGCGGCAATCGTCCCACTTGATAGATGTGCTTTACACTGAACAACTCAAACTGCGTCGTCGAAACTTATCCGTAAATTTACGCACTACTAGTGTGTCTGCTTTCGTGTCTCATGATCGGGGAGGACCGCAGTGTTTCA,0
TTATCACAACGTGCCATCGTCCGGGGCCATTTGCCGGCCTTCCCGGAGACCTGGCTTCTCCTGCGACTTCAGAACGCCTGCTTCCAGGTGCCGAGTTGCCCACAGCGCTTTGAGCGTACGCACGCTATAGCCAATGAACCGCGGCAGCAG,0
CCCAGATGCTACGTGCCCGGTGTCGAATCATGAGCCTACCTTAATACTTGGGCATAGCACTAGCTGTGAACGAAAGCATTAGATGTCGTGGAGAGTAAAGGAAGACTGTAGGTCCGTTCCATCCCGACACAGTTCTGTCAAGTCAGGCCG,0
GAGGCTCGACTTGGTGCGGGACGAGTGTAGGATGCAGCGAGTTCTGGTGCCGGAACAGTACCTGCACGACAAATTGTCGGCTCACTTCCCGTCTACTTTCATTGTGTCACCGCAATGGCTAAACGACCCCGTAATTATGCAGGCAATCAG,0
TTTCTTGAGGACGGAATGTACCTGAGCTCCCCTGCTGCACAGACACTCGTCTCTATCAGGGTCACACTTGTGGTAAGTCGTGTATCGCTCTCGTCATCTATAATTACACGGCCTAGGTCAAACATCTGCTCGGCGACCCGAATAGGCACG,0
CCTGTCTTCCACACTGAGTTTAATTCTTGCTGTCTACCGAGAAAATCTTGGCCACCAGACTTCGAGCGGACGAGCCAAGTCGCAGGAGGCTCGCGGGGCCCTCTACCCGCAGCCGATTCACTTACATATATGGATCTTCTGCTTTCACAA,0
TAGCGAGGTCTTACACTCCTATTCTATCTTAACGAGCCTTAACAAGTAGGATCAGAGAAGCCAGATGGTTATATAGGCACGGGTAGGAGAATAATTAATTTTGGTTAAGCACACAGGGCGTTGGGGTAAGAGGCAACTCGGGTGGCGCCT,0
TGTTGAATGCCTTCGGGGTAAAGCAGGGAGACGACTGTAGTGGCTTGCAGCATACTATTTGGTTAAGACAAAGGATGAGGCCAAATAGGGATCCACCCATGCTGATTAGAACACACCTCTGGGACCGTGAAGAAAGGGCTGGGTCAGTGG,0
CGTATCATTAAATTCGCCTAAGGTTCGGTCTCCGAAGCAGTGTTTCATATGCGTGGCGTCGCTAGGGTGGGGTTTATTCCACTCACCTCGTCTGCTTTCATGGGGCGTTTGTTCTCCTCAACTCTGCCATAGGCTAATGGACAGTCAATA,0
GATAATGCGCAAATTTCTTTGCAATTACCGATTTACCACTTGATCAGGACAACAATGGCGCCCAGTTTTTCTCATGGGTTGGTGATTTAAGGGAGGGCCGAGACCGCGGAACCTGGCAACCCTCCGTCGCGCGATGAACGCCCCAAGAGT,0
ATCGCATGGACACACCCGTGAAGGCACTATCTGGCGTCCAGTAGTACACCCACTGAGTATCTTACTAGCCCCGCGCGACATCGCAGGAAGGATCATACTCTGCAGATCTTACGACCGACGTAACGAAACGCTCGACTCTTCTAGCAGGAA,0
TCATCAGACGAACTGTAGTTTCTCCCCTGGGTCGCGCGGAAACGGAAAGTTGGGCGTCAAGTTCCCGTACGCATCACAGGTCAGCGACTGAGCCTCTGTCCATATTCTTGGGACGGCTGTGCAAAGAGTAAACGGGTGATTAACGTATGC,0
TCCCAACGTAGCCAGAAAGCCGACGCTAGCCTTCACCTTGAGGGACACTGATGATTCCTTCGGGAGGGCGATCATTCCGCGCAACTGCCGCAGATCGCTCGAAAACCGTACCGACCATGCCTGAGGACACTTTAATAGCGATGAAGTCTA,0
GAAAGGCCCACGACGTAAAAAGCCTCCGGGGTGGTCGCGGGTCTCCGCTTCATACAAGAGTTAACGGTATTACGTGGCTCAATTCGTCATTGCAGAATCTGGCTCCAATTTACTAGTTTTGTTATTTTTGGAATTACTGTGAACTTTCGA,0
GGGTACATCATGGTGTGTCAGAAAGGCCCGTGATGGTGTACGGGGGTCGCTTGCAGTCATCATACACCACCCGCGAGGGGGAGTCAGTAAGCATACCTTCCCCACCCAAGCTTTCAAAGGAGCGGGGTTAACGAGAAGACCCCCGTCGGA,0
CGCCAGCAAACGTCATCGGGGCACCGATCGTGCTTTTCAACAGCGCAAGTAGCATAAGATCACTGAAGACTCATTGTACGTAGAGGTCATCGGAATGTAAACCAGATGGCGGTGCGTACACCGCAGTATTGTAGCTCCCCGAACCTCACA,0
AAGAGATTTTGTATGGCCAACGAGGAAGGATAGGGTTATTGACGTGAATTCTACGGATACATTGGTTAGGGGATAACGAGTTTGATTAAATTCACCGCGCTATTGTGTATTGTCGGTGCCACTCAGCGTACGACCTCTCACTGCCGCACA,0
ACTTCGATAACGCTATTTGCAGCAGTCTAGTTAAGATTGGGCAAAGTGGCCAAGAGAGTTACTAATCCACCCGGCGCTAATAAACCATCAGCTAATTCTTATCGCCGGGTATGCAAGGGAGTTGGGGAACTCCATTTTGGTGCTATTCCC,0
TTATCTCGTATCAGCCCAATTCATTTGCCAAGCGTGCGTCACTATAAGGATTTGGCCACTAGGAGTCTCATTCCGTTTTAAGAGTAAATTGGGCATCCAGTTACGTTAATAAGTGGTGGGCCGGTGCTTGGCGACCCCCCCCCTTTGTAA,0
GCGAGGTTACTGCTGGTCATCGCGTGCGCAGATCTTGTTACGCCGTCACGTTTCGTTACGGACACGTGGTGTCGAACCTCATAGACATATACTTTGTGAGTCGAGATCGCCTGGACTCGTTGTGTACGTTTTGGCTATAATAGAGGCCCT,0
GTCCCATTTGTTGAGAGGTAGGTTTAGCACGCCGGTATGCGGCAACACTAGGCGTAAAAGAAAGAAGAGACAAATACCGGGTTTTCTCTTTTGGCAGGTGATCAAACCAATTTCGCACATCGGCAGATGCCGCTCTCGATTACAATAGAA,0
TGCGGTGCCCCATAAAGATGGATTTTTCACGGGATACCCAGCCGCGAGTTGGGGCTGATGGTGGCTATGCACACCTATGACATAATCCTGTCGCGACGCTGACAAATATGCAGGAGGGTTCCGTAAGTCGACATATTGCTGACCTCCAAG,0
GAAGTGTATTTTGGCAAATAGGTAATGCGTGGTGACTGGGTGGCATGTTTAGTATTTATAGGTGGAGCTCAGGTATCAGATTCCCGGACACGCATACGCGGGCACAATGACCTGTAAACGCGTCATCAGCGTTTGGCAAGAATACGTTCT,0
GGGGGCTCGCCCCACGATGTTATTATTTAGAATCTCGCTGTTGAAATGTGATTCATCCAAAAATGACGTAAATTCCTCACCCGGGTGCGTTATGCCTTTCACGTTAGCCTGATCCGTCGATCGAGAGAGGCCGATCATCAATTTGCCCAA,0
CCGATAAAGTGCTGATATATCCGACGTGAGCCCAACGGATTAGTAAGACTAAGCGACGAAGCCACACAATTAATAGTTCGCACGAGGCGTGATGAGCTTCTACGGCCGCGCGTTACGAACGTGGTTAGGGTACCAACGGCGAGCGACGTG,0
CCATGCACGCCCTACCGACGTTAGTCACGGGAATGTTCCCAAGGGACGCTCGCTTACCGCTTTGGTTCGGTAAAGGTGAACTCCAACGCAACGCAGCTTCGTACGTGCGTAACGCGTGCCCCACGCAAGCGGCGGTCGAATGGGGCTAGA,0
CGAAGGGAGCGACAATCGCAGAACGTGCTCGGAACATAGGATGACACACAAGTGACGGGCGGTCATCAACAGTGTGCAACGCGGCTTCCTAATGCTACTAAATTCTTGGCAACTCTCCGACGCACATGTGCGGAACATGCTCACCTCCGA,0
CTAGGAGATGGCAGCCAAAGTTCCATCAGTGCCTAAACGGGCCGTCACCTACCAGGCGAAGTGTCCCGGTGTGGTCTATGGACGGCACTTGTCTGTCGAGAAATAAGCGGCCCGATCAGATCCGTATCTTGGCCGCTTCGATACAACGAT,0
GGAGTCGAGGGTAGCCTAATGAAACTCTGAGGACTTAATCAGTCTTCCGTTTACGACGTGGCCGCTCAACAAGACTTAAGCGTTAGTCACTTGTAGGCTTGCGCAATTACACTTTGGACTAGTAGCAACCCGAATCTTTCGACCCGATAA,0
CCCCACATTCTCCCTGGGCGTTTCGAACTAAATGACTATATCCGGTAGGTGCAATGCTCCCAGCTTTAGTCGTGTGTAGATCTTCCGGCAAAGCGAATCCATTAAAGTATATGCAGGAGCCCGAACAAGACTAAGAGATGATTAGCTCAT,0
GTTTGACCCTTCGTTGGTTGGGAATGCAGAAAGCCTTTATATCTTCGGTCATGTTGTGTCCCGAGTAGACCAAAAAGAGTGCCCGCTCACTCTGTTCCGCTGGAATGATGCAGACTTGCTGCTTACTTTATAGAACCATCTTCGATGCGG,0
CTCGATATAATTGACACTAACTCGCTAAAAAACCCTAGTTTGCAGTGTATTGGCGTGCACTGGTGAAACCGATGCTGACGGCATGGTCTGGTCTATAGTGGGTTATTCCTACAAACTTAGACACGGGCGGTACCCCGCCGGCCTTATGGG,0
ATATGACAACATCAGTCGGCAGAGGTTGCCAAGTTAGGCCTGGTCATTCATCGTGCATGTCCACTACTGAACGCCCGATGTGTCTGTTATATTTGGCCGTTTGCTCGTCACGGATGAGTCATGATATCGGCACCGCGAGCATCTGACTCG,0
TGTGAAATTCTCGATAACAGCCGTCGTGCATTGAACGCCCTGTAACGTCCGACAGGGAACTACTCCTTTCGTGCTTCTTCAAAAGAAAGTACGGTGTGCACACACACGGCTTCGATCTACATGCTCACGCAGCTCGCCAAGCCTGAGAAT,0
GGGGCTAATACACCCCCTGTACAATCGATATGTGTAGTTCTAGCGAAACTATGCACGTACGAGCTGTATTTTTTCCTGCGCATAATACATCCCCGAGGCAGCAGATCAAGAGGATGAAGCCTAATGTGGTCTCTTAGGCGACGGGTAGCC,0
CCTGAGCTCGCCTTCAGGTTCTAAATGTGAGAGATTTGGTTGCTAAATCGGCGACCAGCGTAAGTATTCCCACGGTTTAGAATCTGGTTGCCGAGCGTCTGTTGGGTAAATGAACCGAGCCATACTGTTCTAAAAGTAAAGCCTAGTTGT,0
AGCCTTTGCTTTTTTGTGCGCCGATAGGACACTTTTCGGAAATATGTTGACCAGTCAGAACTTTAAGCGTAAATCTGTCTACCGGGAGATATGCATAACACCACCCACTTGTCCTCCTAATTCCGGGCTTATCATCTCTGCGGCGCGGAG,0
ACCCCTCTATCGTTAATCGGCCCGTTCAGCGCGGAGGGAGTGCGGTCGTTGTGCGTTCTAAATGTGTAGATCATTGATCACTTGGACGGTTAGTCGACCGCAGTGTAAACCTAATATGCTGCTGTCACTCACGGCGCGTAGAGAAGAGAC,0
AAGGGTCGAGAGAATGGGTAAAGCGACGAAGGAAGATAATCGCGACCTTCAGGATACACGTTTTTAAAAATGACCCTGGCGGAGTAACATTAACAGTTCCCCAGGTGCAGCCTGGAGCTGCACGCCACGCCTAGAGAATCCTTCTTCCCC,0
TTGTGTCATTCGGGTCACGAGTTCGCCCCATACAATGTTATACGGTATTTTTTATACTAAATTGAACGTGGTTGCTACTGAAAAACCACATAGAACTAACGGGGTGTACCGCCGTTATTGTCATTTCGTGGCCCCAGCCATGGAGATTGA,0
TCATTATTCTCTTTCACAGCGAAACTTCCACTCCAGCTAGTTAAGTACTCAGGACAACAACACAGGATAGCCTAAAGGGCATGTTTCGCCTCTGGGCCAGATACAAAGGCACACTTGCTATGGTCATGTGGACGGCTAGTGGACCTTGCA,0
ACCATTGGCTCCCGCGAACGACACCGGTGGATACGGCTCATAACGGAAAGGCTACTAGGGGAGGAGGTTCAAATCCGTGATGCCAATCTCGGTTCTACCCCAGAGTGATTTAGTACTGCGAATGGCCTTACTCCTGGTACGAGATAACAT,0
TTAAGGCAGTCACCGGGAATCTCTGACAGATGCCGTGAGCTCTCGGGACGGAATTGCTACACATGGCCTGTACGACTCCGAGGATGCGTGTTCTGACCGAACAGCATTAAGGATAGGTCAAAACCCTCCAACCGAGCCCACACGTATCTG,0
GACTAACTAATCACTTTCGAGAGCTGTCTGTAGGCTATGCCGTAGACCTGCACTAACTCTATGACCTAGGATCAGCACTAAGGCCCAGTTGCAACCTAGTGGTACCTATAACCCCGGGGCTATGTAAATCGCACTGGGAGTGCGTCGAAA,0
TGTCGCCAAATTCCCGAGATCTAAGCAGCAGTCTTGGTGGGTGTGAAATCATAGGTTGACAAGAAAGCGTATCATACGCCTCGCGGACAAGCCGGTACAATTAAACTCCCGCCGACAGAATGACATAAGGCTCGAGCGATGTGAGGGTGT,0
CATCGTTAACGCAGATGGTCACATTGAGTCCGGTAGGCCCTAGTAACACACGCTTTGCTAACGGTTTGTTTTGACCCAGTCATGTATCCGGACTCGCGCTGGATCACTCACGACCTACAGCAATCGCGTGAGTTTTAGAATGGGGTTAAA,0
GGAATGATGACGGTCGTAATAACGATGGGACGCGGCGTTTACGATCCCGATTTACAGGGGTATTATTATCTTCAACCCCGCGGTGCGGCAGCTTAGCAGTATAATCTTGAGAAATCCGGCCGTGCATGAAGAACATGTGAGGTCTAGCGG,0
TTTAAGATGGGTCATCTCGCATAGTCTTCTATCGTAGGGGTTGAGGATCAGGGGCTATCTTGTGAAGACCGAGACACTGAGGTGAGTATCAGCCGCAATATGGACAAGCCCAACCCCTCGGGAGCTAGTTACCTGAGCCTGCCGATCCTG,0
TTTTGGAAGCAGCGCCCTACGCTGATATCTTGGATTGAGTATAAACTGACTGGACTGGGAATTCATACCGGCCGAGATAGGACGTGAAGGGAATGAATTTGAAGCAGCGTAAGTTGAGCGGCTCCGAAGACTAGAACTCTACTGAAGATT,0
CACGCCGAATACTTCGTGGTAGCAGGCCTTTTCTTCCTCAGTTCGGCGACGCGTTTGCGACCAACCATGACTGCGCAGGAATGGCTAAGTAAGTGACGCACTGAATCCGGAATCGCCCGGACCGTATACAAATAGCGCGCTGAACGGTGG,0
GATGCCCTATGACAAACCTCGTATTAACAAAGAGCCTGCAAGAGGTCTACACGCGTTGGACCGGTGAGTCCAAAACGGTACATTATTCCGTTTCTAGCCACGCGGGATTAATATGTGCTTGGTTGACCGCTGTTGGATAGGTATAGAGAG,0
TGGTCCATCCCAAAGCCTTATTCGTCACTACAGGCATACCATTTCACCGGACCGTATAATCGCCCACCGTTGCGCCATCGGCGCTGCCCGTCAACAGTTACTTTCAAAACACCAGCAGAAAGCTATAGGTGAGAATTATTTCGTAACACT,0
CATTTAGCCCTCATAATATCAGGGTTTGTGTTTCAGCCGGAATTCACGACTGGGCACACGGGAACGGGGTCGAAATTAGGAAACATACCGTGCTTCACGCAGCGTCGTATTCGGGGAGCGGCGGTGCCTCCCCATATCTATTTGGGGATA,0
GAACCCGCAAGCGTACCGACTAAGCCTTCCAAAACTACCAAAAGTACCATATGTTGCTACATAATTTATACTGGTAAATTATGAGACACCCCCCGGTCCCTCGTTGGCTTCCCGGCGATCTTGGCGCAACCTTTAATTACCGAACTGAAG,0
ATAGAATCGTGTCTAATCCCTGTTTTCGTGCGTGCTCGGTAAAAGATTGTGCTATACCCTAAAAGCTCCTCAGGTATGAACAGTGTGCGTAGCGGCAGCCTCGATACATGCGTTTCCAGATGTCACCCCTAATTCCCCAGATCCTCTAAT,0
CAGTTTCGAGACAAGAATACAAACCTAGGTCATGCAATAGACGCTAGCTAGGTGATGGGGGCGATGGCCAAATTCCCCCCCCACACTCTAAATCTGCGGCCAGCCGCGGACATAGTGGAAGGGTGCAATACTTTCAGGCCTTTCTCAATA,0
CATGTTTAGGGTAATGACAAGCCTTCCAATACTGCCAGGCGGTGCCAATTGTCTAGCCAGCACCAGACTGCTCAGTTCGATTGGACAGAGATAAAGTGCCGCATGGTTGTTTACATTCGAGCCCTAGCTTTCCGGATCGAACTGTTGAGT,0
GAACAATCGTAGGCACTATAACGCCCAACTTCATTGCTGATAGAGTAGGCCTAACAACAGAAGCCACTGTTCTGGGACAGAGCCAGATGCTGGTCCGCGGCTCCATCATCACACCCGAGGATTGCGGCCCTCGAATCCCACGTATGAATT,0
CAGCCTGGAGCTGAATCTAGCCATGTTAAACTGTATACCCCCTACAAGTGATTGTACGGTGAGCTTCGCGCTAACTATGGAAATATAGCACCGCTTACGAAGTCTTCTGAAACTTTCCCGGTATACGCCCCTGCAGCGCATGTATCATCG,0
CATGATTGCTCTAAAAAATGGAAGGGTTGAACGTGGACTAGTGCTGCATGGTTACTTCGAATTCCCCGGAAAATGTTCAAGGAACCGGATAAATCTATGACCTGAACACTCGGACACAGGATAACAGGATTGGGCGAGCCTTTTTACATA,0
TAGCAACTGCTTCAAGCTAAACTCTATCCTGGGGTGTACGGATCACGACAACAAAGCCTCTTTCCCACTATGGCAGAGAGTTCTCGCGTGAGAGAGACTGTTGACCCAATCATCTAGAAATCACGCTTCGGCGCCAGGACATGTGGAGCT,0
GCGTCCAACAGCCCGACCTTGCCTTCTGCATTACTCGTTCGCGCGAGGGTCAGGGGTCTGCACTACAAACCGCTCTTTCGGCAAAGTAGAACTCATAGTGTGATCCAATTCGTGGTCAATGGCAGTATTCGATGTCTTCAGGTAACAATG,0
ACGGTTTGTGCGGTTAGGATCTCCCCCCCACGTGAGGTCTTGTACTATGGCGGTTGAATCACACCAGTTATAACAGCCGGTGTCACTAGATAACGCGGCTACGTAACTAATAAGGCACGCCTAGCCGCTTAGCCCGCAGGAATGGTTCCA,0
CAGATTCTCTATACGTATTCTGGTAGCTCCCAAGGCGACACATTACACCTAGTATAGGAGTATGATTATTAAGTGCTCAATACTATTTCCCGCGCAGCTCCGTCCATATAGAAGGGTGGGATTTTTATTCGGCAGGCCTGAAACGACCCA,0
CGAATGTTTAGCTGCACCGCCGCGTTATCTGTGGCCCGTAGGTGTACCCTTCTAGTCCTCTGTTGAATAATCTAACATCAACGACCTCTGCGTTCGTAGACACCTAGCGCAGTTGGCGGAAAGCATTTTTGAACGACCTACTGCACCAGA,0
TCTTGAAAGTGCTATTCTTTCGACATTCTATTTATACATTATAGATGAATATCGTTGATCCGGTGGATACTATCTACGGACTTAGGCCGTCCCCGAATCGAATTATGTTCCCCAGAGCTGGTCTGATGGGTAAGTTGGCCGCTGGCGAAG,0
GGACTGAGACGGCGAGCGCAGCGGCTATCCACTAGACATAGCCAACTTTAACCCCACACCCAATCCTGAGTAACGTGGCTGTCCGATATCGCAGAACGGAGTCCCTCTAGGAACGTATGGGTGAAGCGGACATCCAAAGTCACCGGTGAG,0
CTTTCTTCTATTAATGAACGCTCGTGACTAACTTGCTCGGCACCAGATCTATATCTTACAGATCTTACCTTAGAAGCGGCTGCCCCGTCACTCGGGCATTCTTATTCAGGTATGCTCCTAGTGCAAGGTTCCCACTTCCCCTGGCAGAAC,0
TGACAAGCTACTTAACGAAGCGACGGGGACACAGGCGCTTCGGCAACGAATCATATTACACGTCGAGGGGCTTCTTATTGGAGAAGCCCTGTACACCTAAACGGAAGGCGAAGAATTTGGGCCGAGACGCTGTTCGTTGGACGTCCACTC,0
GCGCAGTGAATCAGGGTTGCATACCACGAGGGAGTGTCATCCAAAGGGCCTGAAGAGAGCTCCACAGAGCGTACCCATCATCCTATTTCGAGCTGGCCCGAGGTCAGCGCTTTCAAGTCATTGCCCCACACAAGTGAGTCCGTGATACAC,0
CCTCGGCCCGCGAGAAACTGATGTAGCGACGCGTTCGTCGCACCAACCCGTCCCAGTTCAGCGACGTCGGCCCTTGCTTCACATGGTTGCCCATCCCCCGAGAAGATAACAGCAGGTCCATCAAAGAGTGTTCATGAGCTTGCCTTTCGA,0
AGAGTTGATTCCTCTGGTGGCGACCACAGACCAGGCGGTGGGTATTTAAGTTTGTCCGTTACGAACCCTCACCCGAGACGTCGACGTATCTCCGTTGGCAAACTTACAGTGCCTAGCGTTAGTTGCGATCTTCCTGGAATTGAGCTACAA,0
GGCGGTCTACGTGACTGTAACAGAGTCTCGCTCCGACCTGTGAAGAGCACTAGGCCCAGGTTGGGTTCGTGACCTATCTCACGGTGTCTGTAGTAATCGGGTCGCTTCAGAGATGGGACTCGTTAGCGTAACGTGTCGTTTGGGAGCTAA,0
TACCACAACGAAGTAAAATGCTGAAGAGGGATTACACCATTGTTTGGCGACCGGTTTACAATAACATGTAGTATTACCGGTGGGCACCAACCTTACACGCAAAAGATGTCGATACCGTTGATGCAAGACCCCTGGGGCAAAGAAAACTAA,0
AGCTGAAAGGAATCTCTTGTCGAACGCCCGTGTCCTGGTCATACGACCGTACCGACCGCGACCATGGCACACTCGAAAGCTGGACGTCCGGTGCCCTTACATGGCTTGTCCACCACGTATGACCCCGGACCCTACCTCTTTGCCGACTGG,0
AACGTGAACAACGAATCAACGCCACGGGGCCCGTTTTCTCATATTTCTAACGGGTTGCCATTGTCGTCTCGAAAAGAAGACTGTAAAGGGGCTTGGATGGTCAAGCACGACTACTTGTGGTGGGGAGGACTGTACCCAATAAACCGTTTC,0
CCACCCATGTCGAGAAAGTCCGCCGAAACGCTCATCAGCCAGAAGCTGCAGGATCGGCGCAAGACTATGTGGACGACCGTGCTATATCTTATCATCGGTAAGGCTGGAATACTTCTATGATTAAACAATCCCCGGCCAATAAATCCTGGC,0
CTGTTAGACTTCCCGTAGCTGGCGACCAAAGCAAATGCGCATATATGCCAGTTATTCTCCGCGTTGCGTCAACTATCGCTGCCTCCAGGTATGACCTGATTGTGCCCGTCAGGAGTTGCCTTAAGAACGATCAGAGGTCTGATTGTGGCC,0
GGTTCCCGTATGATCATGGACCTGCTTCTGTCTTTGATCACTGCTAGTGCGTGTCCGGCATGCGTACACCGACCTGCCGAAGACAGTAATGAGATGAGGCAGCAAAGATGCTACGGTTCTCCACCAGACGTGATAACGATTCCTGGTGAG,0
CCATTAGCCCGCAAACGCCTGATATGGGTGTGAGTAATACCGCCTACAAATCGCTGTTCTCGCTACGTGGAGTCAGACCTGTGATACGAAACTGGTGATCGCGCACCAATGCCGCTTAACAAAAAGCAGTGATGTTCCATTCTGCGATAG,0
ATAGAATGCAGATCCCGATTCGATGGACTACCTATTACGGACTCAGTTGTCGGGAGTAGCCGTCGACACCTCAGCATGAAAACAGAATCCGTTCGAAAACGCGCTATTTACAGCCAACATTGGCCAGGATCAGTTTGCATGCACACGGGA,0
AATCAATGTGTTTACGCAGCACCGTTAAGTGTCATTCGTTGGCTTCACTGGATCGAAAACTAAGGGGCAGGGTTGATACCCTACGGCCCACGGTGAAAAGCAAAGGTTAACTAGCGGAGATCGAAATGGCGAGCTGTTAGCGGTCCCAAC,0
CAAAGGGCACGCACCTGTTAACTCGAACCCGTGCAGTCGGGTAAACATCCGAGCCGCGCCCCGACGTAGGTAGACTCGGCATGGGTCTCAGCCGTTTAAGAAGCGCTGTGTTTACCTACCCACGGTGGTTTCCCAAATGACTGACGAGTC,0
AGTCACTCGCAATAATGCAGCGTGCGAGTAGTGCGCAGTGGGCGTATACAGGGAGTAAATTCCGAGCAAATAACGTGTTGCCCGAACATATGTGGACGGTGTCCCTTAGTCTCGACTTGTAATCCTCCAGTATAGCTCATGATTTTGGGA,0
AACTCTTACTAGTTGAGAGTCCACACGAGCTCGAGCGAATTGCAAAAGCCGAAACCTAAAAGAGGGGCAGGCGGATTAATGGATCGAGATTATCGCCGTAATGCATTTTTACCAGCCCGTTCGGCTGGTTTAATGCCGGGGGGAACAGCC,0
ACAAGTGCTGGTCACTAATGTACTTTCCGTCCACCGCCCACCCACGGAGAGCGGGCCGCGTTTCTTACTAATCACTCCATCTGGACCAGACTAAAATCGCGTCCTTATAGTTCCGCATCGCGCGCAATCGGGTTGGCACTCTTATCGAAC,0
AAGCTGCACACCTTGAACTGCCATCAATCCGGTCGACCCCCACTGGGGGTTCGTACACCTAGGGACGTGGCGGATCCAATGATTTTCACAGTAGTCCAATAGCTGAAATATTTCACTGGGCTCGCCGGGGCTACTTAGAGATGTTCGCAT,0
GCACTGCCATATGGTCGTCTTCGTCAGGTGCCTTATTTGGCCTCTAAGCGCTCCTATTAGTAAAGTAACTCCTTCAGAAACACGGTAAATTGCTTGTGGGTCGGCGCCGACATCTTGGGTTGTGCGAAATCTTTACCTTATTCGCCGGTC,0
TAGCCTCAGACGTGGGTCTCTGCACTTCCGCTGGGCTGTTTCCAGTGTTCCCCCAGAAATTTGATGGATTGCACAAGGCCACACGTAACTAATTCGCACGGCTAGCAGTGGACACATCGCGACACACTACTGACAACTCGGCACATGAGA,0
TCTCATTGTAACAAGCGACGATGTTTTCTAAGCAGGCGCTTCTCTCTGTACTATGCAGTGCGGTGTTGCTGCAGGCTCTTCCTTGGGTGACGCCTTCCACCTAGCCAAATATGAATAGAACGATGCGAAATAGGTCATTGGCCCGTATTT,0
GGGAGTGGGGTGAAAAAAATCTCAGTTGTCAAATTCTATCTAGTCTATTGCTGAGGTTTTAGGTTTACTCCCGTTTTTCGACGCCTCCACGTCTGCTGCCCTGGCACCAGCAGACGTTAACCGTCCAAAGGGTACGTGACTTATCACGGC,0
CTATCGAGGGGCTATTAGCGACTGGTCCAATTTGGAAGATGTTTTCATTAGCGACGGAAATTTAACTAGTCGAATGCCAATTGCCTGCACTTGGAAGCTAACCCGATCAAGACGTTGGACCCAAATATAAGTGGGTTGACCCTTACCTAC,0
TCAGCTCGACCGGATTTTACCCATCCGACGGGTGTATGCGAACTGCATACTGAAAACATGCATTTAAGAATGTAGTCCCATACGTCATCGGCAGACGTCACTACCTCACGGGCGTGACCTATTGAACGATGGTCGGAATACGCTGCCGAC,0
ATCATACGGATGCGCTGCTAGGCTTGGATCGCCTCATGCCCAAGAATACGGAACAACTCCTGCTAAAGAACCGTCTGAGCTAGAACGAACATAAGCTGAGTAACAGGGGGCAACCGAAATATTTAAGTCCCACGCGGAGGGACTAGCTAA,0
AATGAACAAGGTGTGTATCGCCGATTCGTTGTACGCTTTAAGTAATTATTACGGAAATCGACGGGAGTGTGATATAAGAAGGAAGTTCATGAAAACCACGCCACGTTTCGAGTGCGTATGCCCTACTGGCTTTGATAAGCAACTACTCTC,0
GAGTAGCCTACAGTATATCCGGGAGGTGATCCTGATCGGAGACGCACGTCGATGGATACATCCTGGAGGATTCCTGTTTTCAGACCGGCCCGACGACGGAGTGGATTCCACCCAAACATCACGGGGTCCCCGTCGGTATAGCAAAACCTG,0
CCGGGAACTTCAAGCGCGGATCGATATCTAATCTAGATACCCCCTATCCGTTAAAATACTGGCGTGGAAAGTGGATCTGCTTGATTGGACGGGGTACATCAGTGCCTAACTCGGGAACACGCCCGGGCTCGAATTACAATCAAGCCAATC,0
ATTTAGGTTGTGCTTTGATAATGAGATAAAATTATTTCTGGGAGGTGAGAGTTAAGGACACGCGCCGGAAAGCTTCCTTTGGTTTCTTTGTTACACTTAGAGTGGTGTGTTGTCGGCCAGGGCGCTGCCTGAGAAGTGTCCGGAATCGTT,0
GACCTATGTAGGGTGTTTCTGCTTCCGTGCCGGGTCGATGATCCTACTTTTGCGGTCATCACTATTTCGTTCACCTGGGTTGCAAGACCCCTCATCAGAACCCTATACCAGCTACTACCTGTGTCAGACCTTGCCCGCAGCCCCGGGCAA,0
CAGCGTGGCGGATACACCCCTTAATATTTTAAGTAGGTAAAGACAGACAACACGGGAGAGATGAATCGTCGTCGTAACTTCACTTCTGTGGGGACAAAGTTAGTGAAATGTTATGTATGTTTTATGAAAAGTCAGAGTATTGCGCGTACC,0
TAGGATCCATACGGGCTTACATCCCGCGGTTCGATTTAGACGTTAACTCGAGGTACTGATAACAAGGTTCAACACTGTGACATTGCCACGCCCTAGAAGAGGGAAATTAGACCTGACATTATTATAGATTGTCCAGCCTAACTTTTGTCT,0
CACTCAGAGACCGTCATTGCTCCAGACCGGGGGTTCCAAACGTCATATTACTCAATTAGAGACGCGTGGGGATGCAGTTATCGGTACGCTCTGCACTGCATGCCTTCCTTGGATTCCCGTCACCACTGTTATTAAGCGTCCATCTCGCCA,0
GTTTTCTCAACAGCCAGCTGTCGACGAGTATGTAGTTCAGTAAGCATGGGACCTGCGCTTGGTAGTTTTCTTTGAAGCGGCTAGTGCTATGTGAACTAGACTGCGGCTATCTCTGAGTACCGCATGTTCCACTTTTGTAGGCTAAAAAAC,0
ATAATTTAACTCGGTAGGCGTCTCACGTGGCCTCGTCCTGTAAATCGGGACTAGTATCAGAACCACTGATGCTCAAGTGGCCGGACCGCCCGAGGCGTTGGCATTTCCAAATACGAAGGCGAAAATATTTTATCAAGGTTTTTATCCCCA,0
TGACGCTTCGTGGAGAGCCCGAAAGATCGTGAGTCGAGGCGGCCTGGATCACCTGGAATCCGTCAGGATATGCGCCTCGGTACAACCCTTCCACGTGGTCGCCAATGTGACCAGTAGTTCATCCACTTTATACCCGGCATATGCCCACGC,0
